#node1	node2	node1_string_id	node2_string_id	neighborhood_on_chromosome	gene_fusion	phylogenetic_cooccurrence	homology	coexpression	experimentally_determined_interaction	database_annotated	automated_textmining	combined_score
AADAT	SMARCAD1	9606.ENSP00000423190	9606.ENSP00000351947	0	0	0	0	0	0.179	0	0	0.179
AADAT	LHX3	9606.ENSP00000423190	9606.ENSP00000360811	0	0	0	0	0	0	0	0.282	0.282
AADAT	GRIN2A	9606.ENSP00000423190	9606.ENSP00000379818	0	0	0	0	0	0	0	0.198	0.198
AADAT	SYN2	9606.ENSP00000423190	9606.ENSP00000480050	0	0	0	0	0	0	0	0.287	0.287
ABCB6	DNASE1L2	9606.ENSP00000265316	9606.ENSP00000454562	0	0	0	0	0	0	0	0.166	0.166
ABCB6	ACTB	9606.ENSP00000265316	9606.ENSP00000349960	0	0	0	0	0	0	0	0.172	0.171
ABCB6	RNF6	9606.ENSP00000265316	9606.ENSP00000371000	0	0	0	0	0.063	0.145	0	0.058	0.179
ABCB6	FAM134C	9606.ENSP00000265316	9606.ENSP00000309432	0	0	0	0	0.062	0	0	0.303	0.319
ACBD4	PEX3	9606.ENSP00000405969	9606.ENSP00000356563	0	0	0	0	0.063	0	0	0.471	0.483
ACBD4	RNF6	9606.ENSP00000405969	9606.ENSP00000371000	0	0	0	0	0	0	0	0.233	0.232
ACSM1	ZNF184	9606.ENSP00000301956	9606.ENSP00000211936	0	0	0	0	0.062	0.057	0	0.227	0.257
ACSM1	GPAM	9606.ENSP00000301956	9606.ENSP00000265276	0	0	0	0	0.082	0	0	0.166	0.202
ACSM1	PNMAL2	9606.ENSP00000301956	9606.ENSP00000473036	0	0	0	0	0.062	0.058	0	0.119	0.153
ACSM1	LINGO2	9606.ENSP00000301956	9606.ENSP00000369328	0	0	0	0	0.049	0	0	0.173	0.180
ACSM1	AK5	9606.ENSP00000301956	9606.ENSP00000346577	0	0	0	0	0.049	0.213	0	0.060	0.235
ACSM1	APBA3	9606.ENSP00000301956	9606.ENSP00000315136	0	0	0	0	0	0.483	0	0	0.483
ACTA1	SIRT1	9606.ENSP00000355645	9606.ENSP00000212015	0	0	0	0	0.062	0.092	0	0.272	0.325
ACTA1	SOS2	9606.ENSP00000355645	9606.ENSP00000216373	0	0	0	0	0	0	0	0.174	0.173
ACTA1	CCNI	9606.ENSP00000355645	9606.ENSP00000237654	0	0	0	0	0	0.109	0	0.143	0.203
ACTA1	MSTN	9606.ENSP00000355645	9606.ENSP00000260950	0	0	0	0	0.064	0	0	0.342	0.357
ACTA1	ZRANB3	9606.ENSP00000355645	9606.ENSP00000264159	0	0	0	0	0	0.167	0	0.052	0.176
ACTA1	ADCY8	9606.ENSP00000355645	9606.ENSP00000286355	0	0	0	0	0.063	0.151	0	0.067	0.192
ACTA1	MICALL2	9606.ENSP00000355645	9606.ENSP00000297508	0	0	0	0	0.062	0.160	0	0.111	0.238
ACTA1	TBX5	9606.ENSP00000355645	9606.ENSP00000309913	0	0	0	0	0.063	0.057	0	0.253	0.282
ACTA1	ZYX	9606.ENSP00000355645	9606.ENSP00000324422	0	0	0	0	0.062	0.056	0.900	0.514	0.951
ACTA1	HIST1H2AD	9606.ENSP00000355645	9606.ENSP00000341094	0	0	0	0	0.063	0.123	0	0.050	0.151
ACTA1	RBPJL	9606.ENSP00000355645	9606.ENSP00000341243	0	0	0	0	0	0.122	0	0.081	0.159
ACTA1	DLG1	9606.ENSP00000355645	9606.ENSP00000345731	0	0	0	0	0	0.254	0	0.111	0.308
ACTA1	ERCC6	9606.ENSP00000355645	9606.ENSP00000348089	0	0	0	0	0	0.167	0	0.052	0.176
ACTA1	ACTB	9606.ENSP00000355645	9606.ENSP00000349960	0	0	0	0.986	0	0.805	0	0.498	0.806
ACTA1	SMARCAD1	9606.ENSP00000355645	9606.ENSP00000351947	0	0	0	0	0.062	0.156	0	0.120	0.242
ACTA1	HIST1H3J	9606.ENSP00000355645	9606.ENSP00000352252	0	0.001	0	0	0.049	0.143	0	0.107	0.208
ACTA1	PAK3	9606.ENSP00000355645	9606.ENSP00000353864	0	0	0	0	0	0.112	0.900	0.167	0.919
ACTA1	ZFP36	9606.ENSP00000355645	9606.ENSP00000469647	0	0	0	0	0	0.151	0	0	0.150
ACTA1	CDK15	9606.ENSP00000355645	9606.ENSP00000406472	0	0	0	0	0.062	0.059	0	0.138	0.172
ACTA1	SYN2	9606.ENSP00000355645	9606.ENSP00000480050	0	0	0	0	0	0.062	0	0.159	0.178
ACTA1	SMG1	9606.ENSP00000355645	9606.ENSP00000402515	0	0	0	0	0	0.153	0	0.079	0.186
ACTA1	PNMAL2	9606.ENSP00000355645	9606.ENSP00000473036	0	0	0	0	0.063	0.075	0	0.138	0.187
ACTA1	EPPK1	9606.ENSP00000355645	9606.ENSP00000484472	0	0	0	0	0.062	0.160	0	0.055	0.190
ACTA1	MLANA	9606.ENSP00000355645	9606.ENSP00000370886	0	0	0	0	0	0	0	0.204	0.204
ACTA1	GFM1	9606.ENSP00000355645	9606.ENSP00000419038	0	0	0	0	0.062	0.164	0	0.069	0.206
ACTA1	NUP153	9606.ENSP00000355645	9606.ENSP00000444029	0	0	0	0	0	0.065	0	0.205	0.224
ACTA1	SLC8A1	9606.ENSP00000355645	9606.ENSP00000384763	0	0	0	0	0.062	0	0	0.232	0.249
ACTA1	ANKRD1	9606.ENSP00000355645	9606.ENSP00000360762	0	0	0	0	0.081	0.103	0	0.302	0.374
ACTA1	MYO5A	9606.ENSP00000355645	9606.ENSP00000382177	0	0	0	0	0.062	0.283	0	0.309	0.495
ACTB	BCL3	9606.ENSP00000349960	9606.ENSP00000164227	0	0	0	0	0	0.103	0	0.117	0.174
ACTB	SIRT1	9606.ENSP00000349960	9606.ENSP00000212015	0	0	0	0	0.062	0.092	0	0.725	0.745
ACTB	MZF1	9606.ENSP00000349960	9606.ENSP00000215057	0	0	0	0	0.062	0.075	0	0.243	0.285
ACTB	SOS2	9606.ENSP00000349960	9606.ENSP00000216373	0	0	0	0	0	0	0	0.236	0.236
ACTB	GRIN3B	9606.ENSP00000349960	9606.ENSP00000234389	0	0	0	0	0	0.057	0	0.162	0.176
ACTB	CCNI	9606.ENSP00000349960	9606.ENSP00000237654	0	0	0	0	0	0.109	0	0.132	0.193
ACTB	HOXB5	9606.ENSP00000349960	9606.ENSP00000239151	0	0	0	0	0	0.141	0	0.155	0.243
ACTB	LOXL4	9606.ENSP00000349960	9606.ENSP00000260702	0	0	0	0	0	0	0	0.215	0.215
ACTB	MSTN	9606.ENSP00000349960	9606.ENSP00000260950	0	0	0	0	0	0	0	0.399	0.399
ACTB	PALB2	9606.ENSP00000349960	9606.ENSP00000261584	0	0	0	0	0	0	0	0.162	0.162
ACTB	TRPA1	9606.ENSP00000349960	9606.ENSP00000262209	0	0	0	0	0	0.103	0	0.325	0.369
ACTB	GRIK5	9606.ENSP00000349960	9606.ENSP00000262895	0	0	0	0	0	0.056	0	0.151	0.164
ACTB	SELP	9606.ENSP00000349960	9606.ENSP00000263686	0	0	0	0	0	0	0	0.411	0.411
ACTB	ZRANB3	9606.ENSP00000349960	9606.ENSP00000264159	0	0	0	0	0	0.167	0	0.126	0.241
ACTB	XRN1	9606.ENSP00000349960	9606.ENSP00000264951	0	0	0	0	0	0.058	0	0.289	0.302
ACTB	GPAM	9606.ENSP00000349960	9606.ENSP00000265276	0	0	0	0	0	0	0	0.254	0.254
ACTB	SEMA3C	9606.ENSP00000349960	9606.ENSP00000265361	0	0	0	0	0	0	0	0.252	0.252
ACTB	NBN	9606.ENSP00000349960	9606.ENSP00000265433	0	0	0	0	0	0	0	0.208	0.208
ACTB	RB1	9606.ENSP00000349960	9606.ENSP00000267163	0	0	0	0	0.062	0	0	0.538	0.548
ACTB	HAPLN1	9606.ENSP00000349960	9606.ENSP00000274341	0	0	0	0	0	0	0	0.199	0.199
ACTB	TMPRSS11D	9606.ENSP00000349960	9606.ENSP00000283916	0	0	0	0	0	0	0	0.151	0.151
ACTB	ADCY8	9606.ENSP00000349960	9606.ENSP00000286355	0	0	0	0	0.063	0.151	0	0.198	0.306
ACTB	NEUROD1	9606.ENSP00000349960	9606.ENSP00000295108	0	0	0	0	0	0	0	0.444	0.444
ACTB	MAP1B	9606.ENSP00000349960	9606.ENSP00000296755	0	0	0	0	0	0.213	0	0.352	0.468
ACTB	MICALL2	9606.ENSP00000349960	9606.ENSP00000297508	0	0	0	0	0.062	0.160	0	0.076	0.208
ACTB	E4F1	9606.ENSP00000349960	9606.ENSP00000301727	0	0	0	0	0.062	0.075	0	0.124	0.173
ACTB	MAP6	9606.ENSP00000349960	9606.ENSP00000307093	0	0	0	0	0	0	0	0.168	0.168
ACTB	TBX5	9606.ENSP00000349960	9606.ENSP00000309913	0	0	0	0	0.062	0.057	0	0.275	0.303
ACTB	VEGFB	9606.ENSP00000349960	9606.ENSP00000311127	0	0	0	0	0	0	0	0.349	0.349
ACTB	MBOAT4	9606.ENSP00000349960	9606.ENSP00000314196	0	0	0	0	0	0	0	0.228	0.228
ACTB	NUP98	9606.ENSP00000349960	9606.ENSP00000316032	0	0	0	0	0.054	0	0	0.290	0.300
ACTB	SOX11	9606.ENSP00000349960	9606.ENSP00000322568	0	0	0	0	0	0.056	0	0.234	0.245
ACTB	ZYX	9606.ENSP00000349960	9606.ENSP00000324422	0	0	0	0	0.130	0.056	0.800	0.397	0.887
ACTB	FOXK1	9606.ENSP00000349960	9606.ENSP00000328720	0	0	0	0	0	0.098	0	0.154	0.204
ACTB	SOCS1	9606.ENSP00000349960	9606.ENSP00000329418	0	0	0	0	0	0	0	0.514	0.514
ACTB	PTP4A3	9606.ENSP00000349960	9606.ENSP00000332274	0	0	0	0	0.063	0	0	0.218	0.235
ACTB	RTN4RL2	9606.ENSP00000349960	9606.ENSP00000335397	0	0	0	0	0	0.122	0	0.086	0.163
ACTB	HIST1H2AD	9606.ENSP00000349960	9606.ENSP00000341094	0	0	0	0	0.063	0.123	0.900	0.050	0.911
ACTB	RBPJL	9606.ENSP00000349960	9606.ENSP00000341243	0	0	0	0	0	0.122	0	0.108	0.183
ACTB	ZNF648	9606.ENSP00000349960	9606.ENSP00000344129	0	0	0	0	0.062	0.075	0	0.101	0.151
ACTB	NFASC	9606.ENSP00000349960	9606.ENSP00000344786	0	0	0	0	0	0	0	0.190	0.190
ACTB	DLG1	9606.ENSP00000349960	9606.ENSP00000345731	0	0	0	0	0	0.091	0	0.280	0.318
ACTB	ERCC6	9606.ENSP00000349960	9606.ENSP00000348089	0	0	0	0	0	0.167	0	0.146	0.258
ACTB	LRBA	9606.ENSP00000349960	9606.ENSP00000349629	0	0	0	0	0	0	0	0.323	0.323
ACTB	IFI44L	9606.ENSP00000349960	9606.ENSP00000359787	0	0	0	0	0	0	0	0.160	0.159
ACTB	ANO6	9606.ENSP00000349960	9606.ENSP00000409126	0	0	0	0	0.085	0	0	0.120	0.160
ACTB	FGF14	9606.ENSP00000349960	9606.ENSP00000365301	0	0	0	0	0	0	0	0.177	0.177
ACTB	LHX3	9606.ENSP00000349960	9606.ENSP00000360811	0	0	0	0	0	0.069	0	0.155	0.179
ACTB	POU3F1	9606.ENSP00000349960	9606.ENSP00000362103	0	0	0	0	0	0.062	0	0.164	0.182
ACTB	PNMAL2	9606.ENSP00000349960	9606.ENSP00000473036	0	0	0	0	0.063	0.075	0	0.138	0.187
ACTB	HERC3	9606.ENSP00000349960	9606.ENSP00000385684	0	0	0	0	0	0.070	0	0.164	0.190
ACTB	RD3	9606.ENSP00000349960	9606.ENSP00000355969	0	0	0	0	0	0.158	0	0.087	0.198
ACTB	BDP1	9606.ENSP00000349960	9606.ENSP00000351575	0	0	0	0	0.056	0	0	0.186	0.199
ACTB	CDK15	9606.ENSP00000349960	9606.ENSP00000406472	0	0	0	0	0.062	0.059	0	0.166	0.200
ACTB	REV3L	9606.ENSP00000349960	9606.ENSP00000351697	0	0	0	0	0.052	0	0	0.194	0.204
ACTB	TAF1L	9606.ENSP00000349960	9606.ENSP00000418379	0	0	0	0	0	0.120	0	0.136	0.207
ACTB	TAF1	9606.ENSP00000349960	9606.ENSP00000406549	0	0	0	0	0	0.120	0	0.140	0.211
ACTB	PIM1	9606.ENSP00000349960	9606.ENSP00000362608	0	0	0	0	0.055	0.078	0	0.168	0.212
ACTB	SMARCAD1	9606.ENSP00000349960	9606.ENSP00000351947	0	0	0	0	0.062	0.156	0	0.101	0.226
ACTB	IMPA1	9606.ENSP00000349960	9606.ENSP00000408526	0	0	0	0	0.062	0	0	0.218	0.235
ACTB	EPPK1	9606.ENSP00000349960	9606.ENSP00000484472	0	0	0	0	0.062	0.160	0	0.116	0.242
ACTB	PAK3	9606.ENSP00000349960	9606.ENSP00000353864	0	0	0	0	0	0.112	0	0.201	0.260
ACTB	RBBP8	9606.ENSP00000349960	9606.ENSP00000382628	0	0	0	0	0	0	0	0.277	0.277
ACTB	NUP153	9606.ENSP00000349960	9606.ENSP00000444029	0	0	0	0	0	0.065	0	0.260	0.279
ACTB	SLC8A1	9606.ENSP00000349960	9606.ENSP00000384763	0	0	0	0	0.062	0	0	0.267	0.283
ACTB	ANKRD1	9606.ENSP00000349960	9606.ENSP00000360762	0	0	0	0	0.064	0.103	0	0.230	0.297
ACTB	GFM1	9606.ENSP00000349960	9606.ENSP00000419038	0	0	0	0	0.062	0.164	0	0.185	0.305
ACTB	GREB1	9606.ENSP00000349960	9606.ENSP00000370896	0	0	0	0	0	0	0	0.310	0.309
ACTB	TRPC3	9606.ENSP00000349960	9606.ENSP00000368966	0	0	0	0	0	0.076	0	0.288	0.314
ACTB	MLANA	9606.ENSP00000349960	9606.ENSP00000370886	0	0	0	0	0	0	0	0.323	0.323
ACTB	SYN2	9606.ENSP00000349960	9606.ENSP00000480050	0	0	0	0	0	0.104	0	0.288	0.335
ACTB	SMG1	9606.ENSP00000349960	9606.ENSP00000402515	0	0	0	0	0	0.153	0	0.253	0.340
ACTB	HIST1H3J	9606.ENSP00000349960	9606.ENSP00000352252	0	0.001	0	0	0.049	0.143	0	0.270	0.353
ACTB	RSAD2	9606.ENSP00000349960	9606.ENSP00000371471	0	0	0	0	0	0	0	0.378	0.378
ACTB	ZFP36	9606.ENSP00000349960	9606.ENSP00000469647	0	0	0	0	0	0.151	0	0.325	0.402
ACTB	GRIN2A	9606.ENSP00000349960	9606.ENSP00000379818	0	0	0	0	0	0.060	0	0.602	0.610
ACTB	GRIA1	9606.ENSP00000349960	9606.ENSP00000428994	0	0	0	0	0	0.061	0	0.607	0.615
ACTB	MYO5A	9606.ENSP00000349960	9606.ENSP00000382177	0	0	0	0	0.062	0.283	0.600	0.369	0.807
ADAMTSL1	FARP2	9606.ENSP00000369921	9606.ENSP00000264042	0	0	0	0	0.073	0	0	0.219	0.245
ADAMTSL1	SEMA3C	9606.ENSP00000369921	9606.ENSP00000265361	0	0	0	0	0.076	0	0	0.138	0.169
ADAMTSL1	SBSPON	9606.ENSP00000369921	9606.ENSP00000297354	0	0	0	0	0	0	0.900	0.041	0.900
ADAMTSL1	ANO2	9606.ENSP00000369921	9606.ENSP00000348453	0	0	0	0	0.065	0	0	0.163	0.184
ADAMTSL1	SNTG1	9606.ENSP00000369921	9606.ENSP00000429842	0	0	0	0	0.084	0	0	0.113	0.152
ADAMTSL1	DPY19L4	9606.ENSP00000369921	9606.ENSP00000389630	0	0	0	0	0	0	0	0.167	0.167
ADAMTSL1	EPPK1	9606.ENSP00000369921	9606.ENSP00000484472	0	0	0	0	0.062	0.213	0	0	0.230
ADCY8	QPCTL	9606.ENSP00000286355	9606.ENSP00000012049	0	0	0	0	0	0	0	0.468	0.468
ADCY8	TRPA1	9606.ENSP00000286355	9606.ENSP00000262209	0	0	0	0	0.097	0.104	0	0.043	0.158
ADCY8	RGS9	9606.ENSP00000286355	9606.ENSP00000262406	0	0	0	0	0.054	0	0	0.173	0.184
ADCY8	GRIK5	9606.ENSP00000286355	9606.ENSP00000262895	0	0	0	0	0.146	0	0	0.073	0.175
ADCY8	SEMA3C	9606.ENSP00000286355	9606.ENSP00000265361	0	0	0	0	0	0.102	0	0.113	0.169
ADCY8	DLG1	9606.ENSP00000286355	9606.ENSP00000345731	0	0	0	0	0.062	0.068	0	0.107	0.151
ADCY8	FGF14	9606.ENSP00000286355	9606.ENSP00000365301	0	0	0	0	0.152	0	0	0	0.152
ADCY8	LRTM2	9606.ENSP00000286355	9606.ENSP00000446278	0	0	0	0	0.147	0.057	0	0	0.161
ADCY8	AJAP1	9606.ENSP00000286355	9606.ENSP00000367433	0	0	0	0	0.162	0	0	0	0.162
ADCY8	NFASC	9606.ENSP00000286355	9606.ENSP00000344786	0	0	0	0	0.160	0	0	0.048	0.166
ADCY8	CELF3	9606.ENSP00000286355	9606.ENSP00000290583	0	0	0	0	0.170	0	0	0	0.170
ADCY8	RESP18	9606.ENSP00000286355	9606.ENSP00000330269	0	0	0	0	0.117	0.102	0	0	0.173
ADCY8	MPPED1	9606.ENSP00000286355	9606.ENSP00000388137	0	0	0	0	0.175	0	0	0	0.175
ADCY8	SACS	9606.ENSP00000286355	9606.ENSP00000371735	0	0	0	0	0.062	0	0	0.156	0.175
ADCY8	MAP1B	9606.ENSP00000286355	9606.ENSP00000296755	0	0	0	0	0.158	0	0	0.066	0.181
ADCY8	ANKFN1	9606.ENSP00000286355	9606.ENSP00000321627	0	0	0	0	0	0	0	0.191	0.191
ADCY8	SENP7	9606.ENSP00000286355	9606.ENSP00000377655	0	0	0	0	0.065	0	0	0.191	0.211
ADCY8	SYN2	9606.ENSP00000286355	9606.ENSP00000480050	0	0	0	0	0.191	0	0	0.081	0.225
ADCY8	PNMAL2	9606.ENSP00000286355	9606.ENSP00000473036	0	0	0	0	0.224	0	0	0.058	0.238
ADCY8	JADE3	9606.ENSP00000286355	9606.ENSP00000481850	0	0	0	0	0	0.058	0	0.257	0.270
ADCY8	GATSL2	9606.ENSP00000286355	9606.ENSP00000484732	0	0	0	0	0.062	0	0	0.257	0.273
ADCY8	GRIA1	9606.ENSP00000286355	9606.ENSP00000428994	0	0	0	0	0.160	0	0	0.320	0.404
ADCY8	LINGO2	9606.ENSP00000286355	9606.ENSP00000369328	0	0	0	0	0.077	0.057	0	0.373	0.406
ADCY8	ANO2	9606.ENSP00000286355	9606.ENSP00000348453	0	0	0	0	0.072	0	0	0.393	0.414
ADCY8	GNPDA2	9606.ENSP00000286355	9606.ENSP00000295448	0	0	0	0	0	0	0	0.459	0.459
ADCY8	GRIN2A	9606.ENSP00000286355	9606.ENSP00000379818	0	0	0	0	0.228	0	0	0.764	0.810
ADTRP	VEGFB	9606.ENSP00000229583	9606.ENSP00000311127	0	0	0	0	0	0	0	0.158	0.158
ADTRP	FAM83F	9606.ENSP00000229583	9606.ENSP00000330432	0	0	0	0	0	0	0	0.220	0.220
ADTRP	TNIP3	9606.ENSP00000229583	9606.ENSP00000426613	0	0	0	0	0	0	0	0.301	0.301
ADTRP	GALNTL6	9606.ENSP00000229583	9606.ENSP00000423313	0	0	0	0	0.062	0	0	0.437	0.450
AIPL1	NEUROD1	9606.ENSP00000370521	9606.ENSP00000295108	0	0	0	0	0	0	0	0.221	0.221
AIPL1	MCF2L2	9606.ENSP00000370521	9606.ENSP00000328118	0	0	0	0	0	0	0	0.183	0.183
AIPL1	RD3	9606.ENSP00000370521	9606.ENSP00000355969	0	0	0	0	0.062	0	0	0.714	0.720
AIPL1	HIST1H2BL	9606.ENSP00000370521	9606.ENSP00000366618	0	0	0	0	0	0	0	0.162	0.162
AJAP1	UTS2	9606.ENSP00000367433	9606.ENSP00000054668	0	0	0	0	0.153	0	0	0	0.152
AJAP1	CPXM2	9606.ENSP00000367433	9606.ENSP00000241305	0	0	0	0	0.049	0	0	0.259	0.265
AJAP1	MLANA	9606.ENSP00000367433	9606.ENSP00000370886	0	0	0	0	0.154	0	0	0	0.153
AJAP1	MPPED1	9606.ENSP00000367433	9606.ENSP00000388137	0	0	0	0	0.127	0	0	0.078	0.161
AJAP1	HES4	9606.ENSP00000367433	9606.ENSP00000393198	0	0	0	0	0	0	0	0.168	0.168
AK5	LRTM2	9606.ENSP00000346577	9606.ENSP00000446278	0	0	0	0	0.152	0	0	0	0.151
AK5	LINGO2	9606.ENSP00000346577	9606.ENSP00000369328	0	0	0	0	0.065	0	0	0.148	0.169
AK5	FGF14	9606.ENSP00000346577	9606.ENSP00000365301	0	0	0	0	0.170	0	0	0	0.170
AK5	MPPED1	9606.ENSP00000346577	9606.ENSP00000388137	0	0	0	0	0.171	0	0	0	0.171
AK5	REV3L	9606.ENSP00000346577	9606.ENSP00000351697	0	0	0	0	0	0	0	0.173	0.173
AK5	SYN2	9606.ENSP00000346577	9606.ENSP00000480050	0	0	0	0	0.170	0	0	0.055	0.182
AK5	GRIA1	9606.ENSP00000346577	9606.ENSP00000428994	0	0	0	0	0.161	0	0	0.073	0.189
AK5	HMHA1	9606.ENSP00000346577	9606.ENSP00000439601	0	0	0	0	0	0.199	0	0	0.199
AK5	GFM1	9606.ENSP00000346577	9606.ENSP00000419038	0.068	0	0	0	0.122	0	0	0.118	0.215
AK5	PNMAL2	9606.ENSP00000346577	9606.ENSP00000473036	0	0	0	0	0.230	0	0	0.137	0.307
AK5	NUPL1	9606.ENSP00000346577	9606.ENSP00000371155	0	0	0	0	0	0	0	0.343	0.343
AK5	RPL23	9606.ENSP00000346577	9606.ENSP00000420311	0.111	0	0	0	0.204	0.070	0	0.146	0.362
ANKFN1	DLG1	9606.ENSP00000321627	9606.ENSP00000345731	0	0	0	0	0	0.170	0	0	0.169
ANKFN1	MLANA	9606.ENSP00000321627	9606.ENSP00000370886	0	0	0	0	0	0	0	0.184	0.184
ANKFN1	CCDC36	9606.ENSP00000321627	9606.ENSP00000391788	0	0	0	0	0	0	0	0.189	0.189
ANKFN1	FAM83A	9606.ENSP00000321627	9606.ENSP00000428876	0	0	0	0	0	0	0	0.262	0.262
ANKRD1	BCL3	9606.ENSP00000360762	9606.ENSP00000164227	0	0	0.410	0.604	0	0	0	0.049	0.189
ANKRD1	SIRT1	9606.ENSP00000360762	9606.ENSP00000212015	0	0	0	0	0.062	0.139	0	0.045	0.162
ANKRD1	MSTN	9606.ENSP00000360762	9606.ENSP00000260950	0	0	0	0	0	0	0	0.291	0.291
ANKRD1	SBSPON	9606.ENSP00000360762	9606.ENSP00000297354	0	0	0	0	0	0	0	0.168	0.168
ANKRD1	MIDN	9606.ENSP00000360762	9606.ENSP00000300952	0	0	0	0	0	0	0	0.221	0.221
ANKRD1	TBX5	9606.ENSP00000360762	9606.ENSP00000309913	0	0	0	0	0.062	0.078	0	0.339	0.378
ANKRD1	ZYX	9606.ENSP00000360762	9606.ENSP00000324422	0	0	0	0	0	0.103	0	0.096	0.154
ANKRD1	RTN4RL2	9606.ENSP00000360762	9606.ENSP00000335397	0	0	0	0	0	0.068	0	0.152	0.176
ANKRD1	IMPA1	9606.ENSP00000360762	9606.ENSP00000408526	0	0	0	0	0	0	0	0.154	0.154
ANKRD1	DOCK4	9606.ENSP00000360762	9606.ENSP00000404179	0	0	0	0	0.062	0.076	0	0.102	0.154
ANKRD1	PHF20	9606.ENSP00000360762	9606.ENSP00000363124	0	0	0	0	0.053	0.144	0	0.048	0.160
ANKRD1	HMHA1	9606.ENSP00000360762	9606.ENSP00000439601	0	0	0	0	0.049	0.061	0	0.147	0.171
ANKRD1	SMG1	9606.ENSP00000360762	9606.ENSP00000402515	0	0	0	0	0.054	0.159	0	0.060	0.187
ANKRD1	CDK15	9606.ENSP00000360762	9606.ENSP00000406472	0	0	0	0	0	0.141	0	0.098	0.192
ANKRD1	SLC8A1	9606.ENSP00000360762	9606.ENSP00000384763	0	0	0	0	0	0.056	0	0.483	0.491
ANO2	MCF2L2	9606.ENSP00000348453	9606.ENSP00000328118	0	0	0	0	0	0	0	0.213	0.213
ANO2	JMJD1C	9606.ENSP00000348453	9606.ENSP00000382204	0	0	0	0	0	0	0	0.151	0.151
ANO2	SLC26A11	9606.ENSP00000348453	9606.ENSP00000355384	0	0	0	0	0.049	0	0	0.221	0.227
ANO2	SLC8A1	9606.ENSP00000348453	9606.ENSP00000384763	0	0	0	0	0.062	0	0	0.227	0.244
ANO2	GALNTL6	9606.ENSP00000348453	9606.ENSP00000423313	0	0	0	0	0	0	0	0.377	0.377
ANO2	GABRG3	9606.ENSP00000348453	9606.ENSP00000479113	0	0	0	0	0.062	0	0.540	0.062	0.559
ANO2	ANO6	9606.ENSP00000348453	9606.ENSP00000409126	0	0	0	0.858	0	0	0.540	0.835	0.594
ANO6	TRPA1	9606.ENSP00000409126	9606.ENSP00000262209	0	0	0	0	0	0	0	0.188	0.188
ANO6	SELP	9606.ENSP00000409126	9606.ENSP00000263686	0	0	0	0	0	0	0	0.194	0.194
ANO6	HAPLN1	9606.ENSP00000409126	9606.ENSP00000274341	0	0	0	0	0	0	0	0.451	0.451
ANO6	SLC26A11	9606.ENSP00000409126	9606.ENSP00000355384	0	0	0	0	0.049	0	0	0.146	0.153
ANO6	TRPC3	9606.ENSP00000409126	9606.ENSP00000368966	0	0	0	0	0	0	0	0.184	0.183
ANO6	JMJD1C	9606.ENSP00000409126	9606.ENSP00000382204	0	0	0	0	0	0	0	0.175	0.175
ANO6	HERC3	9606.ENSP00000409126	9606.ENSP00000385684	0	0	0	0	0.062	0	0	0.168	0.186
ANO6	SYN2	9606.ENSP00000409126	9606.ENSP00000480050	0	0	0	0	0	0	0	0.187	0.187
ANO6	GABRG3	9606.ENSP00000409126	9606.ENSP00000479113	0	0	0	0	0	0	0.540	0	0.540
APBA3	GRIA1	9606.ENSP00000315136	9606.ENSP00000428994	0	0	0	0	0	0.099	0	0.211	0.259
APBA3	DLG1	9606.ENSP00000315136	9606.ENSP00000345731	0	0	0	0	0	0.200	0	0.143	0.285
APBA3	APBB2	9606.ENSP00000315136	9606.ENSP00000427211	0	0	0	0	0.065	0	0	0.486	0.499
APBB2	PGPEP1	9606.ENSP00000427211	9606.ENSP00000269919	0	0	0	0	0	0	0	0.166	0.165
APBB2	MAP1B	9606.ENSP00000427211	9606.ENSP00000296755	0	0	0	0	0.139	0	0	0.074	0.168
APBB2	SERINC2	9606.ENSP00000427211	9606.ENSP00000362814	0	0	0	0	0	0	0	0.155	0.154
APBB2	BEND4	9606.ENSP00000427211	9606.ENSP00000421169	0	0	0	0	0	0	0	0.310	0.310
APBB2	LRTM2	9606.ENSP00000427211	9606.ENSP00000446278	0	0	0	0	0	0	0	0.612	0.612
BBX	MAP1B	9606.ENSP00000319974	9606.ENSP00000296755	0	0	0	0	0.053	0	0	0.139	0.150
BBX	SMG1	9606.ENSP00000319974	9606.ENSP00000402515	0	0	0	0	0.165	0	0	0.084	0.202
BBX	POU3F1	9606.ENSP00000319974	9606.ENSP00000362103	0	0	0	0	0	0	0	0.214	0.214
BBX	SMARCAD1	9606.ENSP00000319974	9606.ENSP00000351947	0	0	0	0	0.065	0	0	0.228	0.248
BBX	FOXK1	9606.ENSP00000319974	9606.ENSP00000328720	0	0	0	0	0	0	0	0.437	0.437
BCL3	SIRT1	9606.ENSP00000164227	9606.ENSP00000212015	0	0	0	0	0.062	0.139	0	0.042	0.158
BCL3	PHF20	9606.ENSP00000164227	9606.ENSP00000363124	0	0	0	0	0.053	0.144	0	0.048	0.160
BCL3	ZYX	9606.ENSP00000164227	9606.ENSP00000324422	0	0	0	0	0.110	0.103	0	0	0.167
BCL3	USP35	9606.ENSP00000164227	9606.ENSP00000431876	0	0	0	0	0.076	0.140	0	0	0.171
BCL3	SMG1	9606.ENSP00000164227	9606.ENSP00000402515	0	0	0	0	0.054	0.159	0	0.049	0.177
BCL3	MICALL2	9606.ENSP00000164227	9606.ENSP00000297508	0	0	0	0	0.096	0.139	0	0	0.188
BCL3	ODF3B	9606.ENSP00000164227	9606.ENSP00000382804	0	0	0	0	0.214	0	0	0	0.214
BCL3	PIM1	9606.ENSP00000164227	9606.ENSP00000362608	0	0	0	0	0.096	0.130	0	0.120	0.248
BCL3	SOCS1	9606.ENSP00000164227	9606.ENSP00000329418	0	0	0	0	0.111	0	0	0.190	0.250
BCL3	ZFP36	9606.ENSP00000164227	9606.ENSP00000469647	0	0	0	0	0.211	0	0	0.096	0.256
BCL3	GABRG3	9606.ENSP00000164227	9606.ENSP00000479113	0	0	0	0	0	0.056	0	0.257	0.268
BCL3	TNIP3	9606.ENSP00000164227	9606.ENSP00000426613	0	0	0	0	0	0	0	0.299	0.299
BDP1	XRN1	9606.ENSP00000351575	9606.ENSP00000264951	0	0	0	0	0.144	0	0	0.120	0.214
BDP1	RB1	9606.ENSP00000351575	9606.ENSP00000267163	0	0	0	0	0.066	0.213	0	0.063	0.251
BDP1	SFT2D2	9606.ENSP00000351575	9606.ENSP00000271375	0	0	0	0	0.088	0	0	0.164	0.205
BDP1	TRUB1	9606.ENSP00000351575	9606.ENSP00000298746	0	0	0	0	0.063	0	0	0.146	0.165
BDP1	RBPJL	9606.ENSP00000351575	9606.ENSP00000341243	0	0	0	0	0	0.184	0	0	0.183
BDP1	MON2	9606.ENSP00000351575	9606.ENSP00000377250	0	0	0	0	0.156	0	0	0.043	0.158
BDP1	GRIA1	9606.ENSP00000351575	9606.ENSP00000428994	0	0	0	0	0	0	0	0.218	0.218
BDP1	SMARCAD1	9606.ENSP00000351575	9606.ENSP00000351947	0	0	0	0	0.263	0	0	0	0.263
BDP1	SMG1	9606.ENSP00000351575	9606.ENSP00000402515	0	0	0	0	0.274	0	0	0.074	0.299
BDP1	TAF1L	9606.ENSP00000351575	9606.ENSP00000418379	0	0	0	0	0.353	0	0	0.180	0.447
BDP1	TAF1	9606.ENSP00000351575	9606.ENSP00000406549	0	0	0	0	0.353	0	0	0.183	0.449
BEND2	PSPN	9606.ENSP00000369372	9606.ENSP00000245810	0	0	0	0	0.065	0	0	0.181	0.201
BEND2	BEND4	9606.ENSP00000369372	9606.ENSP00000421169	0	0	0	0	0	0	0	0.310	0.309
BEND4	NSUN5	9606.ENSP00000421169	9606.ENSP00000309126	0	0	0	0	0	0	0	0.248	0.248
BEND4	LDLRAD4	9606.ENSP00000421169	9606.ENSP00000352420	0	0	0	0	0	0	0	0.241	0.240
BEND4	TRPC3	9606.ENSP00000421169	9606.ENSP00000368966	0	0	0	0	0	0	0	0.194	0.194
BEND4	LRCH1	9606.ENSP00000421169	9606.ENSP00000374447	0	0	0	0	0	0	0	0.262	0.262
BEND4	HERC3	9606.ENSP00000421169	9606.ENSP00000385684	0	0	0	0	0	0	0	0.204	0.204
BEND4	SH3D21	9606.ENSP00000421169	9606.ENSP00000421294	0	0	0	0	0	0	0	0.324	0.323
BICC1	CCNI	9606.ENSP00000362993	9606.ENSP00000237654	0	0	0	0	0.109	0	0	0.142	0.202
BICC1	GRIK5	9606.ENSP00000362993	9606.ENSP00000262895	0	0	0	0	0	0	0	0.237	0.237
BICC1	XRN1	9606.ENSP00000362993	9606.ENSP00000264951	0	0	0	0	0.110	0.102	0	0.295	0.387
BICC1	TRUB1	9606.ENSP00000362993	9606.ENSP00000298746	0	0	0	0	0.062	0	0	0.147	0.165
BICC1	SMARCAD1	9606.ENSP00000362993	9606.ENSP00000351947	0	0	0	0	0.066	0.179	0	0	0.200
BICC1	LPPR3	9606.ENSP00000362993	9606.ENSP00000352962	0	0	0	0	0.062	0	0	0.139	0.157
BICC1	IFI44L	9606.ENSP00000362993	9606.ENSP00000359787	0	0	0	0	0	0	0	0.210	0.210
BICC1	PIM1	9606.ENSP00000362993	9606.ENSP00000362608	0	0	0	0	0	0.259	0	0.065	0.277
BICC1	LINGO2	9606.ENSP00000362993	9606.ENSP00000369328	0	0	0	0	0.049	0	0	0.146	0.153
BICC1	MYO5A	9606.ENSP00000362993	9606.ENSP00000382177	0	0	0	0	0.095	0.076	0	0.145	0.223
BICC1	KIAA1644	9606.ENSP00000362993	9606.ENSP00000370568	0	0	0	0	0	0	0	0.305	0.305
CCDC36	SETD9	9606.ENSP00000391788	9606.ENSP00000285947	0	0	0	0	0	0	0	0.180	0.179
CCNI	SOS2	9606.ENSP00000237654	9606.ENSP00000216373	0	0	0	0	0.062	0.118	0	0.077	0.169
CCNI	SMG1	9606.ENSP00000237654	9606.ENSP00000402515	0	0	0	0	0	0.140	0	0.059	0.156
CCNI	REV3L	9606.ENSP00000237654	9606.ENSP00000351697	0	0	0	0	0.065	0.132	0	0.077	0.185
CCNI	HMHA1	9606.ENSP00000237654	9606.ENSP00000439601	0	0	0	0	0.066	0.149	0	0.068	0.194
CCNI	PAK3	9606.ENSP00000237654	9606.ENSP00000353864	0	0	0	0	0.062	0.161	0	0.059	0.194
CCNI	EFCAB8	9606.ENSP00000237654	9606.ENSP00000383366	0	0	0	0	0.062	0.183	0	0.053	0.210
CCNI	PIM1	9606.ENSP00000237654	9606.ENSP00000362608	0	0	0	0	0.064	0.183	0	0.051	0.210
CCNI	WDR20	9606.ENSP00000237654	9606.ENSP00000406084	0	0	0	0	0.065	0.175	0	0.063	0.214
CCNI	MANEA	9606.ENSP00000237654	9606.ENSP00000351669	0	0	0	0	0	0	0	0.222	0.222
CCNI	ZFP36	9606.ENSP00000237654	9606.ENSP00000469647	0	0	0	0	0.089	0.141	0	0.092	0.227
CCNI	RB1	9606.ENSP00000237654	9606.ENSP00000267163	0	0	0	0	0.065	0.153	0	0.132	0.252
CCNI	CDK15	9606.ENSP00000237654	9606.ENSP00000406472	0	0	0	0	0.110	0.230	0	0.120	0.344
CCNI	RUNX1T1	9606.ENSP00000237654	9606.ENSP00000402257	0	0	0	0	0	0	0	0.360	0.360
CCNI	GREB1	9606.ENSP00000237654	9606.ENSP00000370896	0	0	0	0	0	0	0	0.469	0.469
CDH18	GHDC	9606.ENSP00000425093	9606.ENSP00000301671	0	0	0	0	0	0	0	0.235	0.235
CDH18	FAM111B	9606.ENSP00000425093	9606.ENSP00000341565	0	0	0	0	0	0	0	0.262	0.262
CDH18	NFASC	9606.ENSP00000425093	9606.ENSP00000344786	0	0	0	0	0.109	0	0	0.125	0.188
CDH18	NPAS3	9606.ENSP00000425093	9606.ENSP00000348460	0	0	0	0	0.076	0	0	0.143	0.174
CDH18	NUDT8	9606.ENSP00000425093	9606.ENSP00000365883	0	0	0	0	0	0	0	0.666	0.666
CDH18	GRIN2A	9606.ENSP00000425093	9606.ENSP00000379818	0	0	0	0	0.146	0.078	0	0.071	0.204
CDH18	SLC8A1	9606.ENSP00000425093	9606.ENSP00000384763	0	0	0	0	0.086	0	0	0.124	0.165
CDH18	SH3D21	9606.ENSP00000425093	9606.ENSP00000421294	0	0	0	0	0.051	0.174	0	0	0.182
CDH18	GALNTL6	9606.ENSP00000425093	9606.ENSP00000423313	0	0	0	0	0.066	0.057	0	0.367	0.393
CDH18	SNTG1	9606.ENSP00000425093	9606.ENSP00000429842	0	0	0	0	0.144	0	0	0.053	0.154
CDH18	GABRG3	9606.ENSP00000425093	9606.ENSP00000479113	0	0	0	0	0.099	0	0	0.124	0.177
CDK15	SIRT1	9606.ENSP00000406472	9606.ENSP00000212015	0	0	0	0	0.062	0.142	0	0.120	0.229
CDK15	SOS2	9606.ENSP00000406472	9606.ENSP00000216373	0	0	0	0	0.062	0.137	0	0.135	0.238
CDK15	TRPA1	9606.ENSP00000406472	9606.ENSP00000262209	0	0	0	0	0.065	0.141	0	0.044	0.165
CDK15	ZRANB3	9606.ENSP00000406472	9606.ENSP00000264159	0	0	0	0	0.064	0.119	0	0.054	0.151
CDK15	NBN	9606.ENSP00000406472	9606.ENSP00000265433	0	0	0	0	0.062	0	0	0.188	0.205
CDK15	RB1	9606.ENSP00000406472	9606.ENSP00000267163	0	0	0	0	0.064	0.227	0	0.114	0.303
CDK15	SBSPON	9606.ENSP00000406472	9606.ENSP00000297354	0	0	0	0	0	0	0	0.268	0.268
CDK15	NUP98	9606.ENSP00000406472	9606.ENSP00000316032	0	0	0	0	0.062	0	0	0.138	0.156
CDK15	FOXK1	9606.ENSP00000406472	9606.ENSP00000328720	0	0	0	0	0.062	0.203	0	0.161	0.317
CDK15	DLG1	9606.ENSP00000406472	9606.ENSP00000345731	0	0	0	0	0.062	0.149	0	0.051	0.176
CDK15	REV3L	9606.ENSP00000406472	9606.ENSP00000351697	0	0	0	0	0.073	0.146	0	0.083	0.210
CDK15	SMARCAD1	9606.ENSP00000406472	9606.ENSP00000351947	0	0	0	0	0.064	0.092	0	0.099	0.167
CDK15	HIST1H3J	9606.ENSP00000406472	9606.ENSP00000352252	0	0	0	0	0.062	0.111	0	0.109	0.192
CDK15	PAK3	9606.ENSP00000406472	9606.ENSP00000353864	0	0	0.278	0.608	0.062	0.181	0	0.112	0.297
CDK15	PIM1	9606.ENSP00000406472	9606.ENSP00000362608	0	0	0.238	0.606	0.066	0.078	0	0.082	0.188
CDK15	MYO5A	9606.ENSP00000406472	9606.ENSP00000382177	0	0	0	0	0	0.057	0	0.139	0.153
CDK15	EFCAB8	9606.ENSP00000406472	9606.ENSP00000383366	0	0	0	0	0.049	0.144	0	0.079	0.184
CDK15	DOCK4	9606.ENSP00000406472	9606.ENSP00000404179	0	0	0	0	0.064	0	0	0.141	0.161
CDK15	WDR20	9606.ENSP00000406472	9606.ENSP00000406084	0	0	0	0	0.098	0.179	0	0.067	0.248
CDK15	EPPK1	9606.ENSP00000406472	9606.ENSP00000484472	0	0	0	0	0	0.159	0	0	0.159
CELF3	GRIK5	9606.ENSP00000290583	9606.ENSP00000262895	0	0	0	0	0.194	0.107	0	0	0.249
CELF3	XRN1	9606.ENSP00000290583	9606.ENSP00000264951	0	0	0	0	0	0.168	0	0	0.167
CELF3	MAP1B	9606.ENSP00000290583	9606.ENSP00000296755	0	0	0	0	0.150	0	0	0	0.150
CELF3	HCN3	9606.ENSP00000290583	9606.ENSP00000357342	0	0	0	0	0.096	0	0	0.109	0.160
CELF3	FGF14	9606.ENSP00000290583	9606.ENSP00000365301	0	0	0	0	0.182	0	0	0	0.181
CELF3	RESP18	9606.ENSP00000290583	9606.ENSP00000330269	0	0	0	0	0.211	0	0	0.049	0.217
CELF3	NFASC	9606.ENSP00000290583	9606.ENSP00000344786	0	0	0	0	0.220	0	0	0.042	0.221
CELF3	GRIN2A	9606.ENSP00000290583	9606.ENSP00000379818	0	0	0	0	0.175	0.107	0	0.046	0.236
CELF3	NEUROD1	9606.ENSP00000290583	9606.ENSP00000295108	0	0	0	0	0.233	0	0	0.086	0.270
CELF3	PAK3	9606.ENSP00000290583	9606.ENSP00000353864	0	0	0	0	0.184	0	0	0.166	0.290
CELF3	GRIA1	9606.ENSP00000290583	9606.ENSP00000428994	0	0	0	0	0.231	0.107	0	0.062	0.299
CELF3	SYN2	9606.ENSP00000290583	9606.ENSP00000480050	0	0	0	0	0.308	0	0	0	0.308
CELF3	MAP6	9606.ENSP00000290583	9606.ENSP00000307093	0	0	0	0	0.314	0	0	0	0.314
CELF3	LRTM2	9606.ENSP00000290583	9606.ENSP00000446278	0	0	0	0	0.337	0	0	0	0.337
CELF3	MPPED1	9606.ENSP00000290583	9606.ENSP00000388137	0	0	0	0	0.348	0	0	0	0.347
CELF3	PNMAL2	9606.ENSP00000290583	9606.ENSP00000473036	0	0	0	0	0.351	0	0	0	0.351
CEP135	ZRANB3	9606.ENSP00000257287	9606.ENSP00000264159	0	0	0	0	0.156	0	0	0	0.156
CEP135	XRN1	9606.ENSP00000257287	9606.ENSP00000264951	0	0	0	0	0.126	0.076	0	0	0.158
CEP135	TNRC6C	9606.ENSP00000257287	9606.ENSP00000336783	0	0	0	0	0	0.203	0	0	0.203
CEP135	PROSER3	9606.ENSP00000257287	9606.ENSP00000380116	0	0	0	0	0	0.076	0	0.212	0.241
CEP135	RBBP8	9606.ENSP00000257287	9606.ENSP00000382628	0	0	0	0	0	0	0	0.259	0.259
CEP135	SPICE1	9606.ENSP00000257287	9606.ENSP00000295872	0	0	0	0	0.062	0.076	0	0.677	0.696
CHODL	ZRANB3	9606.ENSP00000299295	9606.ENSP00000264159	0	0	0	0	0.052	0	0	0.170	0.179
CHODL	SFT2D2	9606.ENSP00000299295	9606.ENSP00000271375	0	0	0	0	0	0	0	0.266	0.266
CHODL	HAPLN1	9606.ENSP00000299295	9606.ENSP00000274341	0	0	0	0	0	0.102	0	0.121	0.177
CHODL	RESP18	9606.ENSP00000299295	9606.ENSP00000330269	0	0	0	0	0.062	0.133	0	0	0.151
CHODL	YPEL1	9606.ENSP00000299295	9606.ENSP00000342832	0	0	0	0	0	0	0	0.188	0.188
CHODL	KIAA1644	9606.ENSP00000299295	9606.ENSP00000370568	0	0	0	0	0	0	0	0.325	0.325
CHODL	PARPBP	9606.ENSP00000299295	9606.ENSP00000332915	0	0	0	0	0	0	0	0.350	0.350
CLEC19A	RESP18	9606.ENSP00000455948	9606.ENSP00000330269	0	0	0	0	0.062	0.133	0	0	0.151
COBLL1	OSBPL7	9606.ENSP00000341360	9606.ENSP00000007414	0	0	0	0	0.053	0	0	0.379	0.386
COBLL1	RESP18	9606.ENSP00000341360	9606.ENSP00000330269	0	0	0	0	0	0.212	0	0	0.212
COBLL1	JMJD1C	9606.ENSP00000341360	9606.ENSP00000382204	0	0	0	0	0	0	0	0.236	0.236
CPXM2	DOCK4	9606.ENSP00000241305	9606.ENSP00000404179	0	0	0	0	0	0	0	0.177	0.177
DERL3	FOXK1	9606.ENSP00000384744	9606.ENSP00000328720	0	0	0	0	0	0.369	0	0	0.369
DERL3	RD3	9606.ENSP00000384744	9606.ENSP00000355969	0	0	0	0	0	0	0	0.252	0.252
DERL3	FAM83A	9606.ENSP00000384744	9606.ENSP00000428876	0	0	0	0	0	0	0	0.250	0.250
DLG1	GRIN3B	9606.ENSP00000345731	9606.ENSP00000234389	0	0	0	0	0	0.104	0	0.185	0.238
DLG1	GRIK5	9606.ENSP00000345731	9606.ENSP00000262895	0	0	0	0	0	0.104	0.600	0.617	0.850
DLG1	RB1	9606.ENSP00000345731	9606.ENSP00000267163	0	0	0	0	0	0	0	0.167	0.167
DLG1	MAP1B	9606.ENSP00000345731	9606.ENSP00000296755	0	0	0	0	0.062	0.150	0	0.205	0.310
DLG1	TRUB1	9606.ENSP00000345731	9606.ENSP00000298746	0.055	0	0	0	0.085	0	0	0.102	0.156
DLG1	NFASC	9606.ENSP00000345731	9606.ENSP00000344786	0	0	0	0	0.052	0.108	0	0.193	0.258
DLG1	POU3F1	9606.ENSP00000345731	9606.ENSP00000362103	0	0	0	0	0	0	0	0.163	0.163
DLG1	LRP5L	9606.ENSP00000345731	9606.ENSP00000482378	0	0	0	0	0.062	0.119	0	0.078	0.171
DLG1	LPPR3	9606.ENSP00000345731	9606.ENSP00000352962	0	0	0	0	0.062	0.070	0	0.138	0.182
DLG1	PNMAL2	9606.ENSP00000345731	9606.ENSP00000473036	0.050	0	0	0	0.049	0.130	0	0.090	0.189
DLG1	PAK3	9606.ENSP00000345731	9606.ENSP00000353864	0	0	0	0	0.049	0.142	0	0.140	0.237
DLG1	RPL23	9606.ENSP00000345731	9606.ENSP00000420311	0	0	0	0	0.109	0.131	0	0.128	0.265
DLG1	MYO5A	9606.ENSP00000345731	9606.ENSP00000382177	0	0	0	0	0.062	0.074	0	0.273	0.313
DLG1	SYN2	9606.ENSP00000345731	9606.ENSP00000480050	0	0	0	0	0	0.056	0	0.343	0.353
DLG1	GRIN2A	9606.ENSP00000345731	9606.ENSP00000379818	0	0	0	0	0	0.723	0.600	0.966	0.996
DLG1	GRIA1	9606.ENSP00000345731	9606.ENSP00000428994	0	0	0	0	0.062	0.840	0.900	0.990	0.999
DNASE1L2	E4F1	9606.ENSP00000454562	9606.ENSP00000301727	0	0	0	0	0.110	0	0	0.335	0.383
DNASE1L2	SERINC2	9606.ENSP00000454562	9606.ENSP00000362814	0	0	0	0	0	0	0	0.232	0.231
DOCK4	SOS2	9606.ENSP00000404179	9606.ENSP00000216373	0	0	0	0	0.086	0.245	0	0.105	0.328
DOCK4	WDR7	9606.ENSP00000404179	9606.ENSP00000254442	0	0	0	0	0.062	0.200	0	0	0.217
DOCK4	FARP2	9606.ENSP00000404179	9606.ENSP00000264042	0	0	0	0	0.052	0	0	0.311	0.319
DOCK4	XRN1	9606.ENSP00000404179	9606.ENSP00000264951	0	0	0	0	0.049	0.377	0	0.064	0.397
DOCK4	MAP1B	9606.ENSP00000404179	9606.ENSP00000296755	0	0	0	0	0.097	0	0	0.107	0.160
DOCK4	SBSPON	9606.ENSP00000404179	9606.ENSP00000297354	0	0	0	0	0	0	0	0.225	0.225
DOCK4	MICALL2	9606.ENSP00000404179	9606.ENSP00000297508	0	0	0	0	0	0.246	0	0.048	0.251
DOCK4	TRUB1	9606.ENSP00000404179	9606.ENSP00000298746	0.073	0	0	0	0.202	0.317	0	0.137	0.505
DOCK4	NSUN5	9606.ENSP00000404179	9606.ENSP00000309126	0	0	0	0	0.130	0.149	0	0.085	0.263
DOCK4	NUDT8	9606.ENSP00000404179	9606.ENSP00000365883	0	0	0	0	0.063	0.152	0	0	0.171
DOCK4	LINGO2	9606.ENSP00000404179	9606.ENSP00000369328	0	0	0	0	0	0.140	0	0.070	0.166
DOCK4	MYO5A	9606.ENSP00000404179	9606.ENSP00000382177	0	0	0	0	0.127	0.057	0	0.070	0.167
DOCK4	HERC3	9606.ENSP00000404179	9606.ENSP00000385684	0	0	0	0	0.064	0.078	0	0.107	0.162
DOCK4	SMG1	9606.ENSP00000404179	9606.ENSP00000402515	0	0	0	0	0.073	0.105	0	0.216	0.292
DOCK4	HMHA1	9606.ENSP00000404179	9606.ENSP00000439601	0	0	0	0	0.062	0.115	0	0.063	0.154
DOCK4	LRTM2	9606.ENSP00000404179	9606.ENSP00000446278	0	0	0	0	0.069	0.140	0	0	0.165
DOCK4	EPPK1	9606.ENSP00000404179	9606.ENSP00000484472	0	0	0	0	0.053	0.207	0	0.048	0.222
DOCK4	GFM1	9606.ENSP00000404179	9606.ENSP00000419038	0.070	0	0	0	0.129	0.260	0	0.107	0.393
DOCK4	RPL23	9606.ENSP00000404179	9606.ENSP00000420311	0.111	0	0	0	0.702	0.770	0	0.112	0.938
DPY19L4	WDR7	9606.ENSP00000389630	9606.ENSP00000254442	0	0	0	0	0	0.337	0	0	0.337
DPY19L4	FAM134C	9606.ENSP00000389630	9606.ENSP00000309432	0	0	0	0	0	0	0	0.631	0.631
DPY19L4	IMPA1	9606.ENSP00000389630	9606.ENSP00000408526	0	0	0	0	0.137	0	0	0.323	0.390
E4F1	GPAM	9606.ENSP00000301727	9606.ENSP00000265276	0	0	0	0	0	0	0	0.211	0.211
E4F1	RB1	9606.ENSP00000301727	9606.ENSP00000267163	0	0	0	0	0	0.297	0	0.254	0.453
E4F1	TAF1	9606.ENSP00000301727	9606.ENSP00000406549	0	0	0	0	0.062	0.059	0	0.125	0.160
E4F1	SOX11	9606.ENSP00000301727	9606.ENSP00000322568	0	0	0	0	0	0.101	0	0.157	0.210
EFCAB8	SIRT1	9606.ENSP00000383366	9606.ENSP00000212015	0	0	0	0	0.062	0.149	0	0	0.167
EFCAB8	NUP98	9606.ENSP00000383366	9606.ENSP00000316032	0	0	0	0	0.062	0	0	0.191	0.208
EGFL8	RBPJL	9606.ENSP00000378888	9606.ENSP00000341243	0	0	0	0	0	0.213	0	0.067	0.234
EGFL8	ZBED9	9606.ENSP00000378888	9606.ENSP00000395259	0	0	0	0	0	0.056	0	0.334	0.344
EPPK1	SOS2	9606.ENSP00000484472	9606.ENSP00000216373	0	0	0	0	0.063	0.134	0	0.048	0.160
EPPK1	MICALL2	9606.ENSP00000484472	9606.ENSP00000297508	0	0	0	0	0.062	0.139	0	0	0.157
EPPK1	NUP98	9606.ENSP00000484472	9606.ENSP00000316032	0	0	0	0	0	0.138	0	0.084	0.176
EPPK1	MCF2L2	9606.ENSP00000484472	9606.ENSP00000328118	0	0	0	0	0	0.076	0	0.296	0.321
EPPK1	SACS	9606.ENSP00000484472	9606.ENSP00000371735	0	0	0	0	0.062	0	0	0.447	0.459
EPPK1	KRTAP5-7	9606.ENSP00000484472	9606.ENSP00000417330	0	0	0	0	0	0	0	0.242	0.241
ERCC6	SIRT1	9606.ENSP00000348089	9606.ENSP00000212015	0	0	0	0	0	0.094	0	0.123	0.172
ERCC6	PALB2	9606.ENSP00000348089	9606.ENSP00000261584	0	0	0	0	0.062	0	0	0.276	0.291
ERCC6	ZRANB3	9606.ENSP00000348089	9606.ENSP00000264159	0	0	0	0.553	0.096	0	0	0.231	0.176
ERCC6	NBN	9606.ENSP00000348089	9606.ENSP00000265433	0	0	0	0	0.051	0	0	0.204	0.213
ERCC6	HIST1H2AD	9606.ENSP00000348089	9606.ENSP00000341094	0	0	0	0	0	0.169	0	0.058	0.183
ERCC6	RBPJL	9606.ENSP00000348089	9606.ENSP00000341243	0	0	0	0	0.062	0.154	0	0.053	0.182
ERCC6	ZGLP1	9606.ENSP00000348089	9606.ENSP00000384434	0	0	0	0	0	0.154	0	0.041	0.153
ERCC6	MYO5A	9606.ENSP00000348089	9606.ENSP00000382177	0	0	0	0	0.062	0.056	0	0.128	0.160
ERCC6	SMG1	9606.ENSP00000348089	9606.ENSP00000402515	0	0	0	0	0.064	0.152	0	0.056	0.185
ERCC6	HIST1H3J	9606.ENSP00000348089	9606.ENSP00000352252	0	0	0	0	0	0.168	0	0.067	0.191
ERCC6	ZFP36	9606.ENSP00000348089	9606.ENSP00000469647	0	0	0	0	0.085	0.168	0	0.043	0.207
ERCC6	RBBP8	9606.ENSP00000348089	9606.ENSP00000382628	0	0	0	0	0	0	0	0.212	0.212
ERCC6	PHF20	9606.ENSP00000348089	9606.ENSP00000363124	0	0	0	0	0.063	0.150	0	0.126	0.243
ERCC6	TAF1L	9606.ENSP00000348089	9606.ENSP00000418379	0	0	0	0	0.124	0.212	0	0.070	0.302
ERCC6	TAF1	9606.ENSP00000348089	9606.ENSP00000406549	0	0	0	0	0.124	0.212	0	0.071	0.303
ERCC6	SMARCAD1	9606.ENSP00000348089	9606.ENSP00000351947	0	0	0	0.640	0.146	0.212	0	0.359	0.382
ERCC6	REV3L	9606.ENSP00000348089	9606.ENSP00000351697	0.048	0	0	0	0.089	0.111	0	0.430	0.502
FAM110D	FARP2	9606.ENSP00000363386	9606.ENSP00000264042	0	0	0	0	0.053	0.153	0	0.048	0.169
FAM110D	TBX5	9606.ENSP00000363386	9606.ENSP00000309913	0	0	0	0	0	0	0	0.175	0.175
FAM111B	USP35	9606.ENSP00000341565	9606.ENSP00000431876	0	0	0	0	0.062	0	0	0.302	0.317
FAM111B	SACS	9606.ENSP00000341565	9606.ENSP00000371735	0	0	0	0	0	0	0	0.321	0.321
FAM111B	MANEA	9606.ENSP00000341565	9606.ENSP00000351669	0	0	0	0	0	0	0	0.375	0.375
FAM134C	XRN1	9606.ENSP00000309432	9606.ENSP00000264951	0	0	0	0	0.063	0	0	0.139	0.159
FAM83A	FAM83F	9606.ENSP00000428876	9606.ENSP00000330432	0	0	0	0.732	0	0	0	0.809	0.246
FAM83A	ZNF648	9606.ENSP00000428876	9606.ENSP00000344129	0	0	0	0	0	0	0	0.170	0.169
FAM83F	FARP2	9606.ENSP00000330432	9606.ENSP00000264042	0	0	0	0	0	0.143	0	0.260	0.339
FAM83F	ZBTB39	9606.ENSP00000330432	9606.ENSP00000300101	0	0	0	0	0	0	0	0.679	0.679
FARP2	GRIK5	9606.ENSP00000264042	9606.ENSP00000262895	0	0	0	0	0	0	0	0.281	0.281
FARP2	LPPR3	9606.ENSP00000264042	9606.ENSP00000352962	0	0	0	0	0.048	0	0	0.150	0.156
FARP2	NFASC	9606.ENSP00000264042	9606.ENSP00000344786	0	0	0	0	0.062	0	0	0.147	0.165
FARP2	LINGO2	9606.ENSP00000264042	9606.ENSP00000369328	0	0	0	0	0.062	0	0	0.157	0.175
FARP2	SEMA3C	9606.ENSP00000264042	9606.ENSP00000265361	0	0	0	0	0	0	0	0.261	0.261
FARP2	MAP1B	9606.ENSP00000264042	9606.ENSP00000296755	0	0	0	0	0.062	0	0	0.272	0.288
FGF14	WDR7	9606.ENSP00000365301	9606.ENSP00000254442	0	0	0	0	0.061	0.060	0	0.117	0.153
FGF14	MSTN	9606.ENSP00000365301	9606.ENSP00000260950	0	0	0	0	0.063	0	0	0.154	0.173
FGF14	NEUROD1	9606.ENSP00000365301	9606.ENSP00000295108	0	0	0	0	0.128	0	0	0.169	0.245
FGF14	MAP1B	9606.ENSP00000365301	9606.ENSP00000296755	0	0	0	0	0.170	0	0	0	0.170
FGF14	MAP6	9606.ENSP00000365301	9606.ENSP00000307093	0	0	0	0	0.213	0	0	0.043	0.214
FGF14	TBX5	9606.ENSP00000365301	9606.ENSP00000309913	0	0	0	0	0	0	0	0.183	0.183
FGF14	VEGFB	9606.ENSP00000365301	9606.ENSP00000311127	0	0	0	0	0	0	0	0.182	0.182
FGF14	NFASC	9606.ENSP00000365301	9606.ENSP00000344786	0	0	0	0	0.201	0	0	0.278	0.399
FGF14	HIST1H3J	9606.ENSP00000365301	9606.ENSP00000352252	0	0	0	0	0	0.285	0	0.055	0.295
FGF14	ZFP36	9606.ENSP00000365301	9606.ENSP00000469647	0	0	0	0	0	0.136	0	0.060	0.153
FGF14	MPPED1	9606.ENSP00000365301	9606.ENSP00000388137	0	0	0	0	0.170	0	0	0	0.170
FGF14	SYN2	9606.ENSP00000365301	9606.ENSP00000480050	0	0	0	0	0.172	0	0	0	0.172
FGF14	LINGO2	9606.ENSP00000365301	9606.ENSP00000369328	0	0	0	0	0.096	0	0	0.122	0.173
FGF14	GRIN2A	9606.ENSP00000365301	9606.ENSP00000379818	0	0	0	0	0.162	0	0	0.081	0.197
FGF14	RUNX1T1	9606.ENSP00000365301	9606.ENSP00000402257	0	0	0	0	0.132	0	0	0.139	0.220
FGF14	PNMAL2	9606.ENSP00000365301	9606.ENSP00000473036	0	0	0	0	0.230	0	0	0.043	0.231
FGF14	GRIA1	9606.ENSP00000365301	9606.ENSP00000428994	0	0	0	0	0.207	0	0	0.103	0.259
FGF14	SACS	9606.ENSP00000365301	9606.ENSP00000371735	0	0	0	0	0.062	0	0	0.287	0.302
FOXK1	SIRT1	9606.ENSP00000328720	9606.ENSP00000212015	0	0	0	0	0	0.151	0	0.092	0.196
FOXK1	HOXB5	9606.ENSP00000328720	9606.ENSP00000239151	0	0	0	0	0	0.104	0	0.121	0.179
FOXK1	HOXD9	9606.ENSP00000328720	9606.ENSP00000249499	0	0	0	0	0	0.074	0	0.190	0.218
FOXK1	MSTN	9606.ENSP00000328720	9606.ENSP00000260950	0	0	0	0	0	0.056	0	0.420	0.429
FOXK1	RB1	9606.ENSP00000328720	9606.ENSP00000267163	0	0	0	0	0	0.266	0	0	0.266
FOXK1	ZBTB39	9606.ENSP00000328720	9606.ENSP00000300101	0	0	0	0	0	0.165	0	0	0.165
FOXK1	NUP98	9606.ENSP00000328720	9606.ENSP00000316032	0	0	0	0	0	0	0	0.175	0.175
FOXK1	SOX11	9606.ENSP00000328720	9606.ENSP00000322568	0	0	0	0	0	0.125	0	0.373	0.428
FOXK1	ZNF121	9606.ENSP00000328720	9606.ENSP00000326967	0	0	0	0	0	0.078	0	0.193	0.224
FOXK1	LHX3	9606.ENSP00000328720	9606.ENSP00000360811	0	0	0	0	0	0.066	0	0.135	0.157
FOXK1	PAK3	9606.ENSP00000328720	9606.ENSP00000353864	0	0	0	0	0.062	0.137	0	0.064	0.176
FOXK1	NPAS3	9606.ENSP00000328720	9606.ENSP00000348460	0	0	0	0	0	0.078	0	0.146	0.179
FOXK1	ZFP36	9606.ENSP00000328720	9606.ENSP00000469647	0	0	0	0	0.062	0.149	0	0.058	0.182
FOXK1	SMARCAD1	9606.ENSP00000328720	9606.ENSP00000351947	0	0	0	0	0.068	0.169	0	0.043	0.194
FOXK1	ZGLP1	9606.ENSP00000328720	9606.ENSP00000384434	0	0	0	0	0	0.149	0	0.228	0.315
FOXK1	HIST1H2AD	9606.ENSP00000328720	9606.ENSP00000341094	0	0	0	0	0	0.078	0.900	0	0.903
GABRG3	OSBPL7	9606.ENSP00000479113	9606.ENSP00000007414	0	0	0	0	0.062	0	0	0.180	0.197
GABRG3	GRIN3B	9606.ENSP00000479113	9606.ENSP00000234389	0	0	0	0	0.064	0	0	0.144	0.164
GABRG3	GRIK5	9606.ENSP00000479113	9606.ENSP00000262895	0	0	0	0	0.062	0	0	0.322	0.336
GABRG3	NPAS3	9606.ENSP00000479113	9606.ENSP00000348460	0	0	0	0	0.065	0	0	0.218	0.238
GABRG3	MON2	9606.ENSP00000479113	9606.ENSP00000377250	0	0	0	0	0	0.078	0	0.164	0.196
GABRG3	GRIN2A	9606.ENSP00000479113	9606.ENSP00000379818	0	0	0	0	0.093	0	0	0.324	0.361
GABRG3	SLC8A1	9606.ENSP00000479113	9606.ENSP00000384763	0	0	0	0	0.062	0	0	0.188	0.205
GABRG3	MPPED1	9606.ENSP00000479113	9606.ENSP00000388137	0	0	0	0	0.070	0	0	0.181	0.205
GABRG3	GRIA1	9606.ENSP00000479113	9606.ENSP00000428994	0	0	0	0	0.094	0	0	0.161	0.207
GABRG3	SYN2	9606.ENSP00000479113	9606.ENSP00000480050	0	0	0	0	0.065	0	0	0.165	0.185
GALNTL6	GNPDA2	9606.ENSP00000423313	9606.ENSP00000295448	0	0	0	0	0.049	0	0	0.253	0.259
GALNTL6	NPAS3	9606.ENSP00000423313	9606.ENSP00000348460	0	0	0	0	0.052	0	0	0.306	0.314
GALNTL6	MON2	9606.ENSP00000423313	9606.ENSP00000377250	0	0	0	0	0.064	0.140	0	0.043	0.162
GALNTL6	HERC3	9606.ENSP00000423313	9606.ENSP00000385684	0	0	0	0	0.064	0	0	0.162	0.182
GFM1	RTDR1	9606.ENSP00000419038	9606.ENSP00000216036	0	0	0	0	0	0	0	0.191	0.191
GFM1	XRN1	9606.ENSP00000419038	9606.ENSP00000264951	0	0	0	0	0.062	0.115	0	0.067	0.157
GFM1	TRUB1	9606.ENSP00000419038	9606.ENSP00000298746	0.055	0	0	0	0.099	0	0	0.142	0.205
GFM1	NSUN5	9606.ENSP00000419038	9606.ENSP00000309126	0.047	0	0	0	0.134	0.112	0	0.047	0.208
GFM1	NUP98	9606.ENSP00000419038	9606.ENSP00000316032	0	0	0	0	0.066	0.157	0	0	0.178
GFM1	RTN4RL2	9606.ENSP00000419038	9606.ENSP00000335397	0	0	0	0	0	0.168	0	0.056	0.181
GFM1	SMARCAD1	9606.ENSP00000419038	9606.ENSP00000351947	0	0	0	0	0.065	0.138	0	0	0.159
GFM1	LINGO2	9606.ENSP00000419038	9606.ENSP00000369328	0	0	0	0	0	0.168	0	0.056	0.181
GFM1	LRCH1	9606.ENSP00000419038	9606.ENSP00000374447	0	0	0	0	0	0.168	0	0.056	0.181
GFM1	SENP7	9606.ENSP00000419038	9606.ENSP00000377655	0	0	0	0	0.062	0.108	0	0.074	0.157
GFM1	TRPT1	9606.ENSP00000419038	9606.ENSP00000378050	0	0	0	0	0	0	0	0.233	0.233
GFM1	LRTM2	9606.ENSP00000419038	9606.ENSP00000446278	0	0	0	0	0	0.168	0	0.056	0.181
GFM1	NUP153	9606.ENSP00000419038	9606.ENSP00000444029	0	0	0	0	0.062	0.072	0	0.174	0.218
GFM1	PNMAL2	9606.ENSP00000419038	9606.ENSP00000473036	0.081	0	0	0	0.095	0.157	0	0.154	0.327
GFM1	RPL23	9606.ENSP00000419038	9606.ENSP00000420311	0.167	0	0	0	0.482	0.525	0	0.223	0.819
GNPDA2	QPCTL	9606.ENSP00000295448	9606.ENSP00000012049	0	0	0	0	0.077	0	0	0.667	0.679
GNPDA2	HOXB5	9606.ENSP00000295448	9606.ENSP00000239151	0	0	0	0	0	0	0	0.236	0.236
GNPDA2	PNMAL2	9606.ENSP00000295448	9606.ENSP00000473036	0.047	0	0	0	0.062	0	0	0.144	0.167
GNPDA2	NUDT8	9606.ENSP00000295448	9606.ENSP00000365883	0	0	0	0	0.051	0.213	0	0.067	0.242
GNPDA2	NPAS3	9606.ENSP00000295448	9606.ENSP00000348460	0	0	0	0	0	0	0	0.269	0.269
GNPDA2	LINGO2	9606.ENSP00000295448	9606.ENSP00000369328	0	0	0	0	0	0	0	0.519	0.519
GPAM	MTMR7	9606.ENSP00000265276	9606.ENSP00000180173	0	0	0	0	0	0	0	0.236	0.236
GPAM	SIRT1	9606.ENSP00000265276	9606.ENSP00000212015	0	0	0	0	0	0	0	0.181	0.181
GPAM	MIOX	9606.ENSP00000265276	9606.ENSP00000216075	0	0	0	0	0	0	0	0.172	0.172
GPAM	PEX3	9606.ENSP00000265276	9606.ENSP00000356563	0	0	0	0	0.146	0	0	0.076	0.177
GREB1	TNRC6C	9606.ENSP00000370896	9606.ENSP00000336783	0	0	0	0	0	0	0.900	0.085	0.904
GREB1	SH3D21	9606.ENSP00000370896	9606.ENSP00000421294	0	0	0	0	0	0	0	0.155	0.154
GRIA1	SIRT1	9606.ENSP00000428994	9606.ENSP00000212015	0	0	0	0	0	0	0	0.193	0.193
GRIA1	GRIN3B	9606.ENSP00000428994	9606.ENSP00000234389	0	0	0	0.590	0.064	0.090	0.720	0.563	0.798
GRIA1	TRPA1	9606.ENSP00000428994	9606.ENSP00000262209	0	0	0	0	0	0.065	0	0.202	0.222
GRIA1	GRIK5	9606.ENSP00000428994	9606.ENSP00000262895	0	0	0	0.846	0.110	0	0.540	0.798	0.625
GRIA1	SEMA3C	9606.ENSP00000428994	9606.ENSP00000265361	0	0	0	0	0	0	0	0.158	0.158
GRIA1	HAPLN1	9606.ENSP00000428994	9606.ENSP00000274341	0	0	0	0	0	0	0	0.397	0.396
GRIA1	NEUROD1	9606.ENSP00000428994	9606.ENSP00000295108	0	0	0	0	0.121	0	0	0.155	0.226
GRIA1	MAP1B	9606.ENSP00000428994	9606.ENSP00000296755	0	0	0	0	0.176	0	0	0.403	0.488
GRIA1	MAP6	9606.ENSP00000428994	9606.ENSP00000307093	0	0	0	0	0.200	0	0	0.066	0.221
GRIA1	RESP18	9606.ENSP00000428994	9606.ENSP00000330269	0	0	0	0	0.125	0.064	0	0.078	0.178
GRIA1	NFASC	9606.ENSP00000428994	9606.ENSP00000344786	0	0	0	0	0.200	0.056	0	0.161	0.311
GRIA1	NPAS3	9606.ENSP00000428994	9606.ENSP00000348460	0	0	0	0	0.125	0	0	0.080	0.160
GRIA1	PAK3	9606.ENSP00000428994	9606.ENSP00000353864	0	0	0	0	0.146	0	0	0.177	0.267
GRIA1	HCN3	9606.ENSP00000428994	9606.ENSP00000357342	0	0	0	0	0.082	0.059	0	0.175	0.225
GRIA1	TRPC3	9606.ENSP00000428994	9606.ENSP00000368966	0	0	0	0	0.096	0	0	0.171	0.218
GRIA1	GRIN2A	9606.ENSP00000428994	9606.ENSP00000379818	0	0	0	0.598	0.181	0.182	0.720	0.908	0.870
GRIA1	MYO5A	9606.ENSP00000428994	9606.ENSP00000382177	0	0	0	0	0.089	0.317	0	0.569	0.709
GRIA1	SLC8A1	9606.ENSP00000428994	9606.ENSP00000384763	0	0	0	0	0.118	0	0	0.121	0.192
GRIA1	MPPED1	9606.ENSP00000428994	9606.ENSP00000388137	0	0	0	0	0.230	0	0	0	0.230
GRIA1	WDR20	9606.ENSP00000428994	9606.ENSP00000406084	0	0	0	0	0	0	0	0.167	0.167
GRIA1	SNTG1	9606.ENSP00000428994	9606.ENSP00000429842	0	0	0	0	0.152	0	0	0.091	0.197
GRIA1	PNMAL2	9606.ENSP00000428994	9606.ENSP00000473036	0	0	0	0	0.232	0.059	0	0	0.246
GRIA1	USP35	9606.ENSP00000428994	9606.ENSP00000431876	0	0	0	0	0	0.183	0	0.115	0.246
GRIA1	LRTM2	9606.ENSP00000428994	9606.ENSP00000446278	0	0	0	0	0.169	0.056	0	0.119	0.249
GRIA1	SYN2	9606.ENSP00000428994	9606.ENSP00000480050	0	0	0	0	0.163	0.076	0	0.449	0.537
GRIK5	SOS2	9606.ENSP00000262895	9606.ENSP00000216373	0	0	0	0	0	0	0	0.164	0.164
GRIK5	GRIN3B	9606.ENSP00000262895	9606.ENSP00000234389	0	0	0	0.573	0.062	0.149	0.540	0.557	0.692
GRIK5	RGS9	9606.ENSP00000262895	9606.ENSP00000262406	0	0	0	0	0.062	0.062	0	0.112	0.150
GRIK5	MPPED1	9606.ENSP00000262895	9606.ENSP00000388137	0	0	0	0	0.152	0	0	0	0.151
GRIK5	LRTM2	9606.ENSP00000262895	9606.ENSP00000446278	0	0	0	0	0.139	0.056	0	0	0.152
GRIK5	USP35	9606.ENSP00000262895	9606.ENSP00000431876	0	0	0	0	0	0.143	0	0.054	0.154
GRIK5	MAP6	9606.ENSP00000262895	9606.ENSP00000307093	0	0	0	0	0.132	0	0	0.067	0.155
GRIK5	PNMAL2	9606.ENSP00000262895	9606.ENSP00000473036	0	0	0	0	0.205	0.104	0	0	0.257
GRIK5	NPAS3	9606.ENSP00000262895	9606.ENSP00000348460	0	0	0	0	0.065	0	0	0.249	0.268
GRIK5	MAP1B	9606.ENSP00000262895	9606.ENSP00000296755	0	0	0	0	0.093	0	0	0.256	0.297
GRIK5	SYN2	9606.ENSP00000262895	9606.ENSP00000480050	0	0	0	0	0.159	0.104	0	0.170	0.320
GRIK5	HCN3	9606.ENSP00000262895	9606.ENSP00000357342	0	0	0	0	0.089	0.066	0	0.266	0.322
GRIK5	GRIN2A	9606.ENSP00000262895	9606.ENSP00000379818	0	0	0	0.595	0.107	0.149	0.540	0.681	0.722
GRIN2A	SIRT1	9606.ENSP00000379818	9606.ENSP00000212015	0	0	0	0	0	0	0	0.180	0.179
GRIN2A	GRIN3B	9606.ENSP00000379818	9606.ENSP00000234389	0	0	0	0.656	0.056	0.486	0.800	0.868	0.925
GRIN2A	TRPA1	9606.ENSP00000379818	9606.ENSP00000262209	0	0	0	0	0	0.065	0	0.185	0.206
GRIN2A	NEUROD1	9606.ENSP00000379818	9606.ENSP00000295108	0	0	0	0	0.133	0	0	0.150	0.231
GRIN2A	MAP1B	9606.ENSP00000379818	9606.ENSP00000296755	0	0	0	0	0.148	0	0	0.266	0.347
GRIN2A	MAP6	9606.ENSP00000379818	9606.ENSP00000307093	0	0	0	0	0.151	0	0	0.054	0.162
GRIN2A	MCF2L2	9606.ENSP00000379818	9606.ENSP00000328118	0	0	0	0	0.078	0.142	0	0.042	0.175
GRIN2A	RESP18	9606.ENSP00000379818	9606.ENSP00000330269	0	0	0	0	0.138	0.064	0	0.053	0.169
GRIN2A	NFASC	9606.ENSP00000379818	9606.ENSP00000344786	0	0	0	0	0.158	0.057	0	0.091	0.215
GRIN2A	PAK3	9606.ENSP00000379818	9606.ENSP00000353864	0	0	0	0	0.143	0	0	0.094	0.191
GRIN2A	HCN3	9606.ENSP00000379818	9606.ENSP00000357342	0	0	0	0	0	0.059	0	0.216	0.230
GRIN2A	TRPC3	9606.ENSP00000379818	9606.ENSP00000368966	0	0	0	0	0.083	0	0	0.135	0.174
GRIN2A	USP35	9606.ENSP00000379818	9606.ENSP00000431876	0	0	0	0	0	0.143	0	0.054	0.154
GRIN2A	LRTM2	9606.ENSP00000379818	9606.ENSP00000446278	0	0	0	0	0.168	0.056	0	0	0.181
GRIN2A	PNMAL2	9606.ENSP00000379818	9606.ENSP00000473036	0	0	0	0	0.182	0.059	0	0	0.197
GRIN2A	MPPED1	9606.ENSP00000379818	9606.ENSP00000388137	0	0	0	0	0.228	0	0	0	0.228
GRIN2A	MYO5A	9606.ENSP00000379818	9606.ENSP00000382177	0	0	0	0	0.071	0.177	0	0.151	0.294
GRIN2A	SYN2	9606.ENSP00000379818	9606.ENSP00000480050	0	0	0	0	0.194	0.076	0	0.315	0.445
GRIN3B	USP35	9606.ENSP00000234389	9606.ENSP00000431876	0	0	0	0	0	0.143	0	0.054	0.154
GRIN3B	HCN3	9606.ENSP00000234389	9606.ENSP00000357342	0	0	0	0	0.062	0.059	0	0.132	0.167
GRIN3B	MIDN	9606.ENSP00000234389	9606.ENSP00000300952	0	0	0	0	0	0	0	0.198	0.198
GRIN3B	HMHA1	9606.ENSP00000234389	9606.ENSP00000439601	0	0	0	0	0	0	0	0.234	0.234
GRIN3B	RD3	9606.ENSP00000234389	9606.ENSP00000355969	0	0	0	0	0	0	0	0.294	0.294
GRIN3B	LPPR3	9606.ENSP00000234389	9606.ENSP00000352962	0	0	0	0	0	0	0	0.752	0.752
HAPLN1	SOX11	9606.ENSP00000274341	9606.ENSP00000322568	0	0	0	0	0	0	0	0.150	0.150
HAPLN1	PLCXD2	9606.ENSP00000274341	9606.ENSP00000420686	0	0	0	0	0.062	0	0	0.145	0.163
HAPLN1	SBSPON	9606.ENSP00000274341	9606.ENSP00000297354	0	0	0	0	0	0	0	0.242	0.241
HAPLN1	ZFYVE16	9606.ENSP00000274341	9606.ENSP00000337159	0	0	0	0	0	0	0	0.391	0.391
HAPLN1	LAYN	9606.ENSP00000274341	9606.ENSP00000364765	0	0	0	0	0	0.102	0	0.399	0.438
HCN3	MAP1B	9606.ENSP00000357342	9606.ENSP00000296755	0	0	0	0	0.082	0	0	0.316	0.345
HCN3	TBX5	9606.ENSP00000357342	9606.ENSP00000309913	0	0	0	0	0.044	0	0	0.618	0.619
HCN3	MANEA	9606.ENSP00000357342	9606.ENSP00000351669	0	0	0	0	0.062	0	0	0.142	0.160
HCN3	TRPC3	9606.ENSP00000357342	9606.ENSP00000368966	0	0	0	0	0.053	0	0	0.186	0.196
HCN3	SLC8A1	9606.ENSP00000357342	9606.ENSP00000384763	0	0	0	0	0.063	0.093	0	0.249	0.306
HEPHL1	ZFP36	9606.ENSP00000313699	9606.ENSP00000469647	0	0	0	0	0.062	0	0	0.167	0.185
HEPHL1	RSAD2	9606.ENSP00000313699	9606.ENSP00000371471	0	0	0	0	0	0	0	0.205	0.205
HERC3	SIRT1	9606.ENSP00000385684	9606.ENSP00000212015	0	0	0	0	0.063	0	0	0.596	0.606
HERC3	REV3L	9606.ENSP00000385684	9606.ENSP00000351697	0	0	0	0	0.066	0	0	0.204	0.225
HERC3	SMARCAD1	9606.ENSP00000385684	9606.ENSP00000351947	0	0	0	0	0.064	0.101	0	0.161	0.232
HERC3	LDLRAD4	9606.ENSP00000385684	9606.ENSP00000352420	0	0	0	0	0	0.056	0	0.188	0.200
HERC3	RNF6	9606.ENSP00000385684	9606.ENSP00000371000	0	0	0	0	0.062	0.098	0	0.078	0.151
HERC3	RSAD2	9606.ENSP00000385684	9606.ENSP00000371471	0	0	0	0	0.064	0	0	0.203	0.222
HERC3	SACS	9606.ENSP00000385684	9606.ENSP00000371735	0	0	0	0	0.072	0	0	0.142	0.169
HERC3	LRCH1	9606.ENSP00000385684	9606.ENSP00000374447	0	0	0	0	0.064	0.057	0	0.203	0.235
HERC3	MON2	9606.ENSP00000385684	9606.ENSP00000377250	0	0	0	0	0.092	0.104	0	0	0.151
HERC3	ZBED9	9606.ENSP00000385684	9606.ENSP00000395259	0	0	0	0	0.062	0.143	0	0	0.161
HERC3	SH3D21	9606.ENSP00000385684	9606.ENSP00000421294	0	0	0	0	0	0.074	0	0.252	0.277
HES4	SIRT1	9606.ENSP00000393198	9606.ENSP00000212015	0	0	0	0	0	0.349	0	0.252	0.492
HES4	NEUROD1	9606.ENSP00000393198	9606.ENSP00000295108	0	0	0	0	0	0.056	0	0.193	0.206
HES4	RBPJL	9606.ENSP00000393198	9606.ENSP00000341243	0	0	0	0	0	0.067	0	0.239	0.259
HES4	ZNF205	9606.ENSP00000393198	9606.ENSP00000480401	0	0	0	0	0.138	0.059	0	0	0.154
HIST1H2AD	SIRT1	9606.ENSP00000341094	9606.ENSP00000212015	0	0	0	0	0	0.065	0.600	0.101	0.634
HIST1H2AD	ZRANB3	9606.ENSP00000341094	9606.ENSP00000264159	0	0	0	0	0	0.169	0	0.058	0.183
HIST1H2AD	NBN	9606.ENSP00000341094	9606.ENSP00000265433	0	0	0	0	0	0.120	0.650	0.062	0.685
HIST1H2AD	RB1	9606.ENSP00000341094	9606.ENSP00000267163	0	0	0	0	0	0	0.900	0.062	0.902
HIST1H2AD	TNRC6C	9606.ENSP00000341094	9606.ENSP00000336783	0	0	0	0	0	0	0.900	0.047	0.900
HIST1H2AD	SMARCAD1	9606.ENSP00000341094	9606.ENSP00000351947	0	0	0	0	0	0.206	0	0.076	0.234
HIST1H2AD	HIST1H2BL	9606.ENSP00000341094	9606.ENSP00000366618	0	0	0	0	0.388	0.214	0.800	0.325	0.926
HIST1H2AD	HIST1H3J	9606.ENSP00000341094	9606.ENSP00000352252	0	0.001	0	0	0.279	0.836	0	0.497	0.935
HIST1H2BL	ZNF184	9606.ENSP00000366618	9606.ENSP00000211936	0	0	0	0	0	0.057	0	0.288	0.299
HIST1H2BL	SIRT1	9606.ENSP00000366618	9606.ENSP00000212015	0	0	0	0	0.055	0.212	0.600	0.142	0.710
HIST1H2BL	NBN	9606.ENSP00000366618	9606.ENSP00000265433	0	0	0	0	0	0	0.600	0	0.600
HIST1H2BL	RB1	9606.ENSP00000366618	9606.ENSP00000267163	0	0	0	0	0	0	0.900	0.042	0.900
HIST1H2BL	TNRC6C	9606.ENSP00000366618	9606.ENSP00000336783	0	0	0	0	0	0	0.900	0	0.900
HIST1H2BL	SMARCAD1	9606.ENSP00000366618	9606.ENSP00000351947	0	0	0	0	0	0.190	0	0	0.190
HIST1H2BL	HIST1H3J	9606.ENSP00000366618	9606.ENSP00000352252	0	0.001	0	0	0.434	0.247	0	0.412	0.727
HIST1H2BL	WDR20	9606.ENSP00000366618	9606.ENSP00000406084	0	0	0	0	0	0.153	0	0	0.152
HIST1H2BL	PNMAL2	9606.ENSP00000366618	9606.ENSP00000473036	0	0	0	0	0.063	0	0	0.137	0.156
HIST1H2BL	TAF1L	9606.ENSP00000366618	9606.ENSP00000418379	0	0	0	0	0.062	0.177	0	0.042	0.195
HIST1H2BL	TAF1	9606.ENSP00000366618	9606.ENSP00000406549	0	0	0	0	0.062	0.177	0	0.042	0.195
HIST1H3J	SIRT1	9606.ENSP00000352252	9606.ENSP00000212015	0	0	0	0	0.062	0.213	0	0.241	0.391
HIST1H3J	ZRANB3	9606.ENSP00000352252	9606.ENSP00000264159	0	0	0	0	0.064	0.168	0	0.058	0.202
HIST1H3J	XRN1	9606.ENSP00000352252	9606.ENSP00000264951	0	0	0	0	0	0.132	0	0.070	0.159
HIST1H3J	NBN	9606.ENSP00000352252	9606.ENSP00000265433	0	0	0	0	0.062	0.270	0	0.067	0.305
HIST1H3J	M1AP	9606.ENSP00000352252	9606.ENSP00000290536	0	0	0	0	0	0	0	0.199	0.199
HIST1H3J	YPEL1	9606.ENSP00000352252	9606.ENSP00000342832	0	0	0	0	0.062	0.058	0	0.141	0.174
HIST1H3J	SMARCAD1	9606.ENSP00000352252	9606.ENSP00000351947	0	0	0	0	0.062	0.212	0	0.110	0.284
HIST1H3J	JADE3	9606.ENSP00000352252	9606.ENSP00000481850	0	0	0	0	0	0.143	0	0.049	0.150
HIST1H3J	TAF1L	9606.ENSP00000352252	9606.ENSP00000418379	0	0	0	0	0.051	0.103	0	0.083	0.151
HIST1H3J	JMJD1C	9606.ENSP00000352252	9606.ENSP00000382204	0	0	0	0	0	0.118	0	0.080	0.153
HIST1H3J	RPL23	9606.ENSP00000352252	9606.ENSP00000420311	0	0	0	0	0.053	0.103	0	0.084	0.153
HIST1H3J	WDR20	9606.ENSP00000352252	9606.ENSP00000406084	0	0	0	0	0.053	0.127	0	0.059	0.154
HIST1H3J	KIAA1644	9606.ENSP00000352252	9606.ENSP00000370568	0	0	0	0	0	0	0	0.186	0.186
HIST1H3J	TAF1	9606.ENSP00000352252	9606.ENSP00000406549	0	0	0	0	0.051	0.158	0	0.083	0.203
HIST1H3J	PHF20	9606.ENSP00000352252	9606.ENSP00000363124	0	0	0	0	0	0.444	0	0.054	0.453
HIVEP1	ZNF184	9606.ENSP00000368698	9606.ENSP00000211936	0	0	0	0.544	0	0	0	0.537	0.267
HIVEP1	HOXB5	9606.ENSP00000368698	9606.ENSP00000239151	0	0	0	0	0	0.058	0	0.173	0.188
HIVEP1	MICALL2	9606.ENSP00000368698	9606.ENSP00000297508	0	0	0	0	0	0.056	0	0.172	0.184
HIVEP1	POU3F1	9606.ENSP00000368698	9606.ENSP00000362103	0	0	0	0	0	0.062	0	0.209	0.227
HIVEP1	RUNX1T1	9606.ENSP00000368698	9606.ENSP00000402257	0	0	0	0	0	0.057	0	0.160	0.174
HIVEP1	NUP153	9606.ENSP00000368698	9606.ENSP00000444029	0	0	0	0	0.100	0.072	0	0.136	0.216
HIVEP1	JMJD1C	9606.ENSP00000368698	9606.ENSP00000382204	0	0	0	0	0.077	0	0	0.189	0.219
HIVEP1	TNIP3	9606.ENSP00000368698	9606.ENSP00000426613	0	0	0	0	0	0	0	0.225	0.224
HMHA1	SOS2	9606.ENSP00000439601	9606.ENSP00000216373	0	0	0	0	0.062	0.144	0	0.091	0.206
HMHA1	ZBTB39	9606.ENSP00000439601	9606.ENSP00000300101	0	0	0	0	0	0.058	0	0.420	0.430
HMHA1	MIDN	9606.ENSP00000439601	9606.ENSP00000300952	0	0	0	0	0	0	0	0.374	0.374
HMHA1	ZYX	9606.ENSP00000439601	9606.ENSP00000324422	0	0	0	0	0	0.143	0	0.069	0.168
HMHA1	LPPR3	9606.ENSP00000439601	9606.ENSP00000352962	0	0	0	0	0	0	0	0.358	0.358
HMHA1	PAK3	9606.ENSP00000439601	9606.ENSP00000353864	0	0	0	0	0.062	0.174	0	0.107	0.247
HOXB5	OSBPL7	9606.ENSP00000239151	9606.ENSP00000007414	0	0	0	0	0.049	0	0	0.276	0.282
HOXB5	QPCTL	9606.ENSP00000239151	9606.ENSP00000012049	0	0	0	0	0	0	0	0.212	0.212
HOXB5	SIRT1	9606.ENSP00000239151	9606.ENSP00000212015	0	0	0	0	0	0.224	0	0.066	0.245
HOXB5	LHX3	9606.ENSP00000239151	9606.ENSP00000360811	0	0	0	0	0.051	0.063	0	0.131	0.159
HOXB5	NEUROD1	9606.ENSP00000239151	9606.ENSP00000295108	0	0	0	0	0	0.070	0	0.133	0.159
HOXB5	RBPJL	9606.ENSP00000239151	9606.ENSP00000341243	0	0	0	0	0.062	0.163	0	0	0.181
HOXB5	RUNX1T1	9606.ENSP00000239151	9606.ENSP00000402257	0	0	0	0	0	0	0	0.260	0.260
HOXB5	NUP98	9606.ENSP00000239151	9606.ENSP00000316032	0	0	0	0	0	0	0	0.263	0.263
HOXB5	POU3F1	9606.ENSP00000239151	9606.ENSP00000362103	0	0	0	0	0	0.057	0	0.256	0.268
HOXB5	HOXD9	9606.ENSP00000239151	9606.ENSP00000249499	0	0	0	0.700	0.112	0.078	0	0.533	0.277
HOXB5	TBX5	9606.ENSP00000239151	9606.ENSP00000309913	0	0	0	0	0	0.102	0	0.263	0.310
HOXD9	RBPJL	9606.ENSP00000249499	9606.ENSP00000341243	0	0	0	0	0	0.166	0	0	0.165
HOXD9	ZNF518B	9606.ENSP00000249499	9606.ENSP00000317614	0	0	0	0	0	0.059	0	0.213	0.227
HOXD9	LHX3	9606.ENSP00000249499	9606.ENSP00000360811	0	0	0	0	0	0	0	0.229	0.229
HOXD9	POU3F1	9606.ENSP00000249499	9606.ENSP00000362103	0	0	0	0	0	0.067	0	0.235	0.255
HOXD9	TBX5	9606.ENSP00000249499	9606.ENSP00000309913	0	0	0	0	0	0.155	0	0.584	0.634
IFI44L	SOCS1	9606.ENSP00000359787	9606.ENSP00000329418	0	0	0	0	0.062	0	0	0.184	0.201
IFI44L	TNIP3	9606.ENSP00000359787	9606.ENSP00000426613	0	0	0	0	0.049	0	0	0.198	0.205
IFI44L	RSAD2	9606.ENSP00000359787	9606.ENSP00000371471	0	0	0	0	0.840	0	0	0.741	0.956
IMPA1	MIOX	9606.ENSP00000408526	9606.ENSP00000216075	0	0	0	0	0.049	0	0.900	0.156	0.912
IMPA1	WDR7	9606.ENSP00000408526	9606.ENSP00000254442	0	0	0	0	0.080	0	0	0.129	0.165
IMPA1	MAP1B	9606.ENSP00000408526	9606.ENSP00000296755	0	0	0	0	0	0	0	0.170	0.170
IMPA1	MAP6	9606.ENSP00000408526	9606.ENSP00000307093	0	0	0	0	0	0	0	0.609	0.609
IMPA1	NSUN5	9606.ENSP00000408526	9606.ENSP00000309126	0.076	0	0	0	0.055	0	0	0.126	0.170
IMPA1	NUDT8	9606.ENSP00000408526	9606.ENSP00000365883	0.069	0	0	0	0	0	0	0.126	0.151
IMPA1	MYO5A	9606.ENSP00000408526	9606.ENSP00000382177	0	0	0	0	0	0	0	0.190	0.190
IMPA1	PREPL	9606.ENSP00000408526	9606.ENSP00000386543	0	0	0	0	0.109	0	0	0.193	0.251
IMPA1	RUNX1T1	9606.ENSP00000408526	9606.ENSP00000402257	0	0	0	0	0	0	0	0.153	0.153
IMPA1	PNMAL2	9606.ENSP00000408526	9606.ENSP00000473036	0.135	0	0	0	0.062	0	0	0.116	0.220
JADE3	RB1	9606.ENSP00000481850	9606.ENSP00000267163	0	0	0	0	0.095	0.105	0	0.049	0.162
JADE3	PAK3	9606.ENSP00000481850	9606.ENSP00000353864	0	0	0	0	0.154	0	0	0	0.154
JADE3	PHF20	9606.ENSP00000481850	9606.ENSP00000363124	0	0	0	0	0.083	0.398	0	0.187	0.512
JADE3	TAF1	9606.ENSP00000481850	9606.ENSP00000406549	0	0	0	0	0.193	0	0	0.059	0.208
JADE3	TAF1L	9606.ENSP00000481850	9606.ENSP00000418379	0	0	0	0	0.144	0	0	0.059	0.160
JMJD1C	OSBPL7	9606.ENSP00000382204	9606.ENSP00000007414	0	0	0	0	0	0	0	0.279	0.279
JMJD1C	MTMR7	9606.ENSP00000382204	9606.ENSP00000180173	0	0	0	0	0	0	0	0.249	0.249
JMJD1C	SIRT1	9606.ENSP00000382204	9606.ENSP00000212015	0	0	0	0	0.303	0	0	0.090	0.339
JMJD1C	SETD9	9606.ENSP00000382204	9606.ENSP00000285947	0	0	0	0	0	0	0	0.309	0.309
JMJD1C	REV3L	9606.ENSP00000382204	9606.ENSP00000351697	0	0	0	0	0.156	0	0	0	0.156
JMJD1C	RD3	9606.ENSP00000382204	9606.ENSP00000355969	0	0	0	0	0	0	0	0.672	0.672
JMJD1C	POU3F1	9606.ENSP00000382204	9606.ENSP00000362103	0	0	0	0	0	0.076	0	0.146	0.178
JMJD1C	PHF20	9606.ENSP00000382204	9606.ENSP00000363124	0	0	0	0	0.138	0	0	0.104	0.194
JMJD1C	SACS	9606.ENSP00000382204	9606.ENSP00000371735	0	0	0	0	0.066	0	0	0.179	0.201
JMJD1C	MON2	9606.ENSP00000382204	9606.ENSP00000377250	0	0	0	0	0.189	0	0	0	0.189
JMJD1C	MPPED1	9606.ENSP00000382204	9606.ENSP00000388137	0	0	0	0	0	0	0	0.176	0.176
JMJD1C	NUP153	9606.ENSP00000382204	9606.ENSP00000444029	0	0	0	0	0.186	0	0	0	0.186
JMJD1C	USP35	9606.ENSP00000382204	9606.ENSP00000431876	0	0	0	0	0	0	0	0.201	0.201
JMJD1C	RUNX1T1	9606.ENSP00000382204	9606.ENSP00000402257	0	0	0	0	0	0	0	0.206	0.206
KIAA1644	SFT2D2	9606.ENSP00000370568	9606.ENSP00000271375	0	0	0	0	0	0	0	0.287	0.287
KIAA1644	MAP1B	9606.ENSP00000370568	9606.ENSP00000296755	0	0	0	0	0.152	0	0	0	0.151
KRBA2	TMPRSS11D	9606.ENSP00000328017	9606.ENSP00000283916	0	0	0	0	0	0	0	0.324	0.323
LAYN	RESP18	9606.ENSP00000364765	9606.ENSP00000330269	0	0	0	0	0.062	0.133	0	0	0.151
LDLRAD2	LOXL4	9606.ENSP00000340988	9606.ENSP00000260702	0	0	0	0	0	0	0	0.283	0.282
LDLRAD2	SSC5D	9606.ENSP00000340988	9606.ENSP00000374274	0	0	0	0	0	0	0	0.468	0.468
LDLRAD4	ZFYVE16	9606.ENSP00000352420	9606.ENSP00000337159	0	0	0	0	0	0	0	0.181	0.181
LDLRAD4	MANEA	9606.ENSP00000352420	9606.ENSP00000351669	0	0	0	0	0	0	0	0.224	0.224
LDLRAD4	LRCH1	9606.ENSP00000352420	9606.ENSP00000374447	0	0	0	0	0	0	0	0.252	0.252
LDLRAD4	SH3D21	9606.ENSP00000352420	9606.ENSP00000421294	0	0	0	0	0	0	0	0.292	0.292
LHX3	NEUROD1	9606.ENSP00000360811	9606.ENSP00000295108	0	0	0	0	0.512	0	0	0.537	0.764
LHX3	SOX11	9606.ENSP00000360811	9606.ENSP00000322568	0	0	0	0	0	0.077	0	0.310	0.335
LHX3	ZYX	9606.ENSP00000360811	9606.ENSP00000324422	0	0	0	0.569	0	0.115	0	0.242	0.194
LHX3	RESP18	9606.ENSP00000360811	9606.ENSP00000330269	0	0	0	0	0.062	0.058	0	0.182	0.214
LHX3	NFASC	9606.ENSP00000360811	9606.ENSP00000344786	0	0	0	0	0.062	0	0	0.209	0.227
LHX3	ZGLP1	9606.ENSP00000360811	9606.ENSP00000384434	0	0	0	0	0.057	0.149	0	0	0.163
LHX3	SYN2	9606.ENSP00000360811	9606.ENSP00000480050	0	0	0	0	0.062	0	0	0.195	0.213
LHX3	TAF1	9606.ENSP00000360811	9606.ENSP00000406549	0	0	0	0	0	0.270	0	0.045	0.273
LHX3	POU3F1	9606.ENSP00000360811	9606.ENSP00000362103	0	0	0	0	0.108	0.130	0	0.466	0.549
LINGO2	QPCTL	9606.ENSP00000369328	9606.ENSP00000012049	0	0	0	0	0	0	0	0.564	0.564
LINGO2	RTDR1	9606.ENSP00000369328	9606.ENSP00000216036	0	0	0	0	0	0.070	0	0.174	0.199
LINGO2	SEMA3C	9606.ENSP00000369328	9606.ENSP00000265361	0	0	0	0	0	0	0	0.305	0.305
LINGO2	RESP18	9606.ENSP00000369328	9606.ENSP00000330269	0	0	0	0	0.069	0.148	0	0.043	0.174
LINGO2	NPAS3	9606.ENSP00000369328	9606.ENSP00000348460	0	0	0	0	0.062	0.056	0	0.247	0.275
LINGO2	MANEA	9606.ENSP00000369328	9606.ENSP00000351669	0	0	0	0	0	0	0	0.298	0.298
LINGO2	RPL23	9606.ENSP00000369328	9606.ENSP00000420311	0	0	0	0	0	0.138	0	0.064	0.158
LPPR3	MICALL2	9606.ENSP00000352962	9606.ENSP00000297508	0	0	0	0	0	0.069	0	0.247	0.268
LPPR3	MIDN	9606.ENSP00000352962	9606.ENSP00000300952	0	0	0	0	0	0	0	0.391	0.391
LPPR3	PTP4A3	9606.ENSP00000352962	9606.ENSP00000332274	0	0	0	0	0	0	0	0.163	0.163
LPPR3	RTN4RL2	9606.ENSP00000352962	9606.ENSP00000335397	0	0	0	0	0.062	0	0	0.430	0.443
LRBA	MTMR7	9606.ENSP00000349629	9606.ENSP00000180173	0	0	0	0	0.063	0	0	0.251	0.268
LRBA	MAP6	9606.ENSP00000349629	9606.ENSP00000307093	0	0	0	0	0	0	0	0.166	0.166
LRBA	ZYX	9606.ENSP00000349629	9606.ENSP00000324422	0	0	0	0	0.062	0.171	0	0	0.189
LRBA	NPAS3	9606.ENSP00000349629	9606.ENSP00000348460	0	0	0	0	0.049	0	0	0.144	0.151
LRBA	MON2	9606.ENSP00000349629	9606.ENSP00000377250	0	0	0	0	0.143	0	0	0.055	0.155
LRBA	SACS	9606.ENSP00000349629	9606.ENSP00000371735	0	0	0	0	0.063	0	0	0.230	0.248
LRBA	RD3	9606.ENSP00000349629	9606.ENSP00000355969	0	0	0	0	0	0.288	0	0	0.288
LRCH1	RPL23	9606.ENSP00000374447	9606.ENSP00000420311	0	0	0	0	0	0.138	0	0.064	0.158
LRCH1	MON2	9606.ENSP00000374447	9606.ENSP00000377250	0	0	0	0	0.091	0.056	0	0.101	0.161
LRCH1	SH3D21	9606.ENSP00000374447	9606.ENSP00000421294	0	0	0	0	0	0	0	0.322	0.321
LRTM2	RESP18	9606.ENSP00000446278	9606.ENSP00000330269	0	0	0	0	0.214	0.148	0	0.043	0.303
LRTM2	NFASC	9606.ENSP00000446278	9606.ENSP00000344786	0	0	0	0	0.099	0.102	0	0.167	0.267
LRTM2	MPPED1	9606.ENSP00000446278	9606.ENSP00000388137	0	0	0	0	0.362	0	0	0	0.362
LRTM2	RPL23	9606.ENSP00000446278	9606.ENSP00000420311	0	0	0	0	0	0.138	0	0.064	0.158
LRTM2	SNTG1	9606.ENSP00000446278	9606.ENSP00000429842	0	0	0	0	0.076	0.138	0	0.042	0.170
LRTM2	SYN2	9606.ENSP00000446278	9606.ENSP00000480050	0	0	0	0	0.333	0.061	0	0	0.346
LRTM2	PNMAL2	9606.ENSP00000446278	9606.ENSP00000473036	0	0	0	0	0.332	0.104	0	0.052	0.383
M1AP	TOPAZ1	9606.ENSP00000290536	9606.ENSP00000310303	0	0	0	0	0	0	0	0.233	0.233
MANEA	SACS	9606.ENSP00000351669	9606.ENSP00000371735	0	0	0	0	0	0	0	0.305	0.305
MANEA	USP35	9606.ENSP00000351669	9606.ENSP00000431876	0	0	0	0	0	0	0	0.325	0.325
MANEA	REV3L	9606.ENSP00000351669	9606.ENSP00000351697	0	0	0	0	0.077	0	0	0.382	0.405
MAP1B	SIRT1	9606.ENSP00000296755	9606.ENSP00000212015	0	0	0	0	0.062	0	0	0.175	0.193
MAP1B	SEMA3C	9606.ENSP00000296755	9606.ENSP00000265361	0	0	0	0	0.052	0	0	0.278	0.286
MAP1B	NEUROD1	9606.ENSP00000296755	9606.ENSP00000295108	0	0	0	0	0.112	0	0	0.119	0.185
MAP1B	PREPL	9606.ENSP00000296755	9606.ENSP00000386543	0	0	0	0	0.096	0	0	0.131	0.181
MAP1B	ZYX	9606.ENSP00000296755	9606.ENSP00000324422	0	0	0	0	0	0	0	0.202	0.202
MAP1B	RUNX1T1	9606.ENSP00000296755	9606.ENSP00000402257	0	0	0	0	0.213	0	0	0	0.213
MAP1B	MYO5A	9606.ENSP00000296755	9606.ENSP00000382177	0	0	0	0	0.065	0	0	0.194	0.214
MAP1B	PAK3	9606.ENSP00000296755	9606.ENSP00000353864	0	0	0	0	0.158	0	0	0.114	0.223
MAP1B	SYN2	9606.ENSP00000296755	9606.ENSP00000480050	0	0	0	0	0.155	0	0	0.240	0.331
MAP1B	NFASC	9606.ENSP00000296755	9606.ENSP00000344786	0	0	0	0	0.199	0	0	0.266	0.388
MAP1B	MAP6	9606.ENSP00000296755	9606.ENSP00000307093	0	0	0	0	0.293	0	0	0.416	0.569
MAP6	MPPED1	9606.ENSP00000307093	9606.ENSP00000388137	0	0	0	0	0.175	0	0	0	0.175
MAP6	PNMAL2	9606.ENSP00000307093	9606.ENSP00000473036	0	0	0	0	0.215	0	0	0	0.215
MAP6	SYN2	9606.ENSP00000307093	9606.ENSP00000480050	0	0	0	0	0.144	0	0	0.188	0.275
MAP6	NFASC	9606.ENSP00000307093	9606.ENSP00000344786	0	0	0	0	0.222	0	0	0.349	0.473
MBOAT4	OSBPL7	9606.ENSP00000314196	9606.ENSP00000007414	0	0	0	0	0.065	0	0	0.129	0.150
MBOAT4	SIRT1	9606.ENSP00000314196	9606.ENSP00000212015	0	0	0	0	0	0	0	0.169	0.169
MBOAT4	RESP18	9606.ENSP00000314196	9606.ENSP00000330269	0	0	0	0	0	0	0	0.181	0.181
MCF2L2	PAK3	9606.ENSP00000328118	9606.ENSP00000353864	0	0	0	0	0.120	0.070	0	0.058	0.161
MICALL2	SOS2	9606.ENSP00000297508	9606.ENSP00000216373	0	0	0	0	0.063	0.134	0	0.059	0.169
MICALL2	SEMA3C	9606.ENSP00000297508	9606.ENSP00000265361	0	0	0	0	0.063	0.058	0	0.154	0.188
MICALL2	NUP98	9606.ENSP00000297508	9606.ENSP00000316032	0	0	0	0	0	0.138	0	0.055	0.150
MICALL2	MYO5A	9606.ENSP00000297508	9606.ENSP00000382177	0	0	0	0	0.049	0.076	0	0.227	0.262
MIOX	SLC22A13	9606.ENSP00000216075	9606.ENSP00000310241	0	0	0	0	0.062	0	0	0.265	0.281
MIOX	ODF3B	9606.ENSP00000216075	9606.ENSP00000382804	0	0	0	0	0	0	0	0.290	0.290
MLANA	UTS2	9606.ENSP00000370886	9606.ENSP00000054668	0	0	0	0	0.154	0	0	0	0.153
MLANA	WDR7	9606.ENSP00000370886	9606.ENSP00000254442	0	0	0	0	0	0	0	0.192	0.192
MLANA	POU3F1	9606.ENSP00000370886	9606.ENSP00000362103	0	0	0	0	0	0	0	0.207	0.207
MLANA	MYO5A	9606.ENSP00000370886	9606.ENSP00000382177	0	0	0	0	0	0	0	0.318	0.318
MON2	WDR7	9606.ENSP00000377250	9606.ENSP00000254442	0	0	0	0	0.099	0	0	0.169	0.220
MON2	XRN1	9606.ENSP00000377250	9606.ENSP00000264951	0	0	0	0	0.658	0	0	0	0.658
MON2	RBPJL	9606.ENSP00000377250	9606.ENSP00000341243	0	0	0	0	0.399	0.148	0	0.043	0.467
MON2	REV3L	9606.ENSP00000377250	9606.ENSP00000351697	0	0	0	0	0.155	0	0	0.048	0.161
MON2	SMARCAD1	9606.ENSP00000377250	9606.ENSP00000351947	0	0	0	0	0.237	0	0	0	0.237
MON2	MYO5A	9606.ENSP00000377250	9606.ENSP00000382177	0	0	0	0	0.108	0.062	0	0.099	0.180
MON2	TAF1L	9606.ENSP00000377250	9606.ENSP00000418379	0	0	0	0	0.184	0	0	0	0.183
MON2	TAF1	9606.ENSP00000377250	9606.ENSP00000406549	0	0	0	0	0.184	0	0	0	0.183
MON2	WDR20	9606.ENSP00000377250	9606.ENSP00000406084	0	0	0	0	0.189	0.077	0	0	0.219
MON2	SENP7	9606.ENSP00000377250	9606.ENSP00000377655	0	0	0	0	0.156	0	0	0.138	0.242
MON2	MPPED1	9606.ENSP00000377250	9606.ENSP00000388137	0	0	0	0	0	0	0	0.251	0.250
MON2	SMG1	9606.ENSP00000377250	9606.ENSP00000402515	0	0	0	0	0.549	0.102	0	0.055	0.583
MPPED1	WDR7	9606.ENSP00000388137	9606.ENSP00000254442	0	0	0	0	0.085	0	0	0.232	0.267
MPPED1	RESP18	9606.ENSP00000388137	9606.ENSP00000330269	0	0	0	0	0.213	0	0	0.048	0.218
MPPED1	NFASC	9606.ENSP00000388137	9606.ENSP00000344786	0	0	0	0	0.156	0	0	0	0.155
MPPED1	SLC8A1	9606.ENSP00000388137	9606.ENSP00000384763	0	0	0	0	0.086	0	0	0.123	0.165
MPPED1	PNMAL2	9606.ENSP00000388137	9606.ENSP00000473036	0	0	0	0	0.352	0	0	0.041	0.352
MPPED1	SYN2	9606.ENSP00000388137	9606.ENSP00000480050	0	0	0	0	0.350	0	0	0.074	0.373
MSTN	SIRT1	9606.ENSP00000260950	9606.ENSP00000212015	0	0	0	0	0	0	0	0.359	0.359
MTFR2	PARPBP	9606.ENSP00000395232	9606.ENSP00000332915	0	0	0	0	0.268	0	0	0	0.268
MTMR7	SMARCAD1	9606.ENSP00000180173	9606.ENSP00000351947	0	0	0	0	0	0.174	0	0	0.173
MTMR7	PLCXD2	9606.ENSP00000180173	9606.ENSP00000420686	0	0	0	0	0.092	0	0	0.534	0.559
MYO5A	NUP98	9606.ENSP00000382177	9606.ENSP00000316032	0	0	0	0	0.084	0.104	0	0.064	0.164
MYO5A	ZYX	9606.ENSP00000382177	9606.ENSP00000324422	0	0	0	0	0.062	0.181	0	0.138	0.280
MYO5A	NFASC	9606.ENSP00000382177	9606.ENSP00000344786	0	0	0	0	0.062	0	0	0.228	0.244
MYO5A	PAK3	9606.ENSP00000382177	9606.ENSP00000353864	0	0	0	0	0.187	0.176	0	0.101	0.345
MYO5A	PEX3	9606.ENSP00000382177	9606.ENSP00000356563	0	0	0	0	0	0.103	0	0.101	0.159
MYO5A	TAF1L	9606.ENSP00000382177	9606.ENSP00000418379	0	0	0	0	0.062	0.108	0	0.077	0.160
MYO5A	TAF1	9606.ENSP00000382177	9606.ENSP00000406549	0	0	0	0	0.062	0.108	0	0.077	0.160
MYO5A	SMG1	9606.ENSP00000382177	9606.ENSP00000402515	0	0	0	0	0.067	0.123	0	0.061	0.164
MYO5A	SYN2	9606.ENSP00000382177	9606.ENSP00000480050	0	0	0	0	0.085	0	0	0.143	0.182
MYO5A	SYTL3	9606.ENSP00000382177	9606.ENSP00000483936	0	0	0	0	0	0	0	0.314	0.313
MZF1	WDR20	9606.ENSP00000215057	9606.ENSP00000406084	0	0	0	0	0.062	0.058	0	0.124	0.158
MZF1	SOX11	9606.ENSP00000215057	9606.ENSP00000322568	0	0	0	0	0	0.101	0	0.115	0.170
MZF1	PREPL	9606.ENSP00000215057	9606.ENSP00000386543	0	0	0	0	0	0	0	0.173	0.173
NBN	SIRT1	9606.ENSP00000265433	9606.ENSP00000212015	0	0	0	0	0.065	0.270	0	0.335	0.506
NBN	PALB2	9606.ENSP00000265433	9606.ENSP00000261584	0	0	0	0	0	0	0.600	0.570	0.820
NBN	REV3L	9606.ENSP00000265433	9606.ENSP00000351697	0	0	0	0	0.062	0	0	0.180	0.198
NBN	NUP153	9606.ENSP00000265433	9606.ENSP00000444029	0	0	0	0	0.128	0	0	0.170	0.245
NBN	SMG1	9606.ENSP00000265433	9606.ENSP00000402515	0	0	0	0	0.069	0.145	0	0.249	0.351
NBN	RBBP8	9606.ENSP00000265433	9606.ENSP00000382628	0	0	0	0	0.090	0.882	0.900	0.784	0.997
NEUROD1	SIRT1	9606.ENSP00000295108	9606.ENSP00000212015	0	0	0	0	0	0.089	0	0.243	0.280
NEUROD1	SEMA3C	9606.ENSP00000295108	9606.ENSP00000265361	0	0	0	0	0	0	0	0.204	0.204
NEUROD1	RB1	9606.ENSP00000295108	9606.ENSP00000267163	0	0	0	0	0	0.182	0	0.141	0.267
NEUROD1	PAK3	9606.ENSP00000295108	9606.ENSP00000353864	0	0	0	0	0.153	0	0	0.053	0.163
NEUROD1	RESP18	9606.ENSP00000295108	9606.ENSP00000330269	0	0	0	0	0.111	0	0	0.134	0.197
NEUROD1	TBX5	9606.ENSP00000295108	9606.ENSP00000309913	0	0	0	0	0	0.058	0	0.184	0.198
NEUROD1	SYN2	9606.ENSP00000295108	9606.ENSP00000480050	0	0	0	0	0.133	0	0	0.132	0.215
NEUROD1	NPAS3	9606.ENSP00000295108	9606.ENSP00000348460	0	0	0	0	0.097	0	0	0.185	0.232
NEUROD1	POU3F1	9606.ENSP00000295108	9606.ENSP00000362103	0	0	0	0	0.109	0	0	0.200	0.257
NEUROD1	RUNX1T1	9606.ENSP00000295108	9606.ENSP00000402257	0	0	0	0	0.098	0.116	0	0.157	0.269
NEUROD1	RBPJL	9606.ENSP00000295108	9606.ENSP00000341243	0	0	0	0	0	0	0	0.285	0.284
NEUROD1	SOX11	9606.ENSP00000295108	9606.ENSP00000322568	0	0	0	0	0.090	0.073	0	0.458	0.503
NFASC	SEMA3C	9606.ENSP00000344786	9606.ENSP00000265361	0	0	0	0	0	0.102	0	0.151	0.205
NFASC	TMPRSS11D	9606.ENSP00000344786	9606.ENSP00000283916	0	0	0	0	0	0.152	0	0	0.151
NFASC	RTN4RL2	9606.ENSP00000344786	9606.ENSP00000335397	0	0	0	0	0	0.102	0	0.134	0.189
NFASC	PRSS48	9606.ENSP00000344786	9606.ENSP00000401328	0	0	0	0	0	0.152	0	0	0.151
NFASC	RUNX1T1	9606.ENSP00000344786	9606.ENSP00000402257	0	0	0	0	0.152	0	0	0.048	0.158
NFASC	PREPL	9606.ENSP00000344786	9606.ENSP00000386543	0	0	0	0	0.088	0	0	0.124	0.167
NFASC	SYN2	9606.ENSP00000344786	9606.ENSP00000480050	0	0	0	0	0.158	0	0	0.117	0.225
NFASC	PNMAL2	9606.ENSP00000344786	9606.ENSP00000473036	0	0	0	0	0.228	0.078	0	0	0.258
NFASC	SNTG1	9606.ENSP00000344786	9606.ENSP00000429842	0	0	0	0	0.099	0.213	0	0.119	0.320
NPAS3	SOX11	9606.ENSP00000348460	9606.ENSP00000322568	0	0	0	0	0.059	0.147	0	0.075	0.192
NPAS3	SNTG1	9606.ENSP00000348460	9606.ENSP00000429842	0	0	0	0	0.076	0	0	0.150	0.181
NPAS3	POU3F1	9606.ENSP00000348460	9606.ENSP00000362103	0	0	0	0	0.062	0.262	0	0.378	0.531
NSUN5	XRN1	9606.ENSP00000309126	9606.ENSP00000264951	0	0	0	0	0.064	0.245	0	0.146	0.343
NSUN5	TRUB1	9606.ENSP00000309126	9606.ENSP00000298746	0.071	0	0	0	0.235	0	0	0.338	0.488
NSUN5	SENP7	9606.ENSP00000309126	9606.ENSP00000377655	0	0	0	0	0.054	0.144	0	0	0.155
NSUN5	SMARCAD1	9606.ENSP00000309126	9606.ENSP00000351947	0	0	0	0	0.099	0.128	0	0	0.180
NSUN5	RPL23	9606.ENSP00000309126	9606.ENSP00000420311	0	0	0	0	0.063	0.181	0	0	0.199
NUDT8	XRN1	9606.ENSP00000365883	9606.ENSP00000264951	0	0	0	0	0.054	0.212	0	0.137	0.300
NUDT8	ZFP36	9606.ENSP00000365883	9606.ENSP00000469647	0	0	0	0	0.062	0.168	0	0.053	0.196
NUP153	SIRT1	9606.ENSP00000444029	9606.ENSP00000212015	0	0	0	0	0.099	0.084	0	0.067	0.162
NUP153	SOS2	9606.ENSP00000444029	9606.ENSP00000216373	0	0	0	0	0.166	0	0	0	0.165
NUP153	XRN1	9606.ENSP00000444029	9606.ENSP00000264951	0	0	0	0	0.173	0	0	0.058	0.187
NUP153	NUP98	9606.ENSP00000444029	9606.ENSP00000316032	0	0	0	0	0.300	0.478	0.900	0.968	0.998
NUP153	PHF20	9606.ENSP00000444029	9606.ENSP00000363124	0	0	0	0	0.075	0.187	0	0.145	0.301
NUP153	NUPL1	9606.ENSP00000444029	9606.ENSP00000371155	0	0	0	0	0.104	0	0.600	0.728	0.894
NUP153	SENP7	9606.ENSP00000444029	9606.ENSP00000377655	0	0	0	0	0.085	0.073	0	0.191	0.254
NUP98	XRN1	9606.ENSP00000316032	9606.ENSP00000264951	0	0	0	0	0.090	0.148	0	0.062	0.209
NUP98	RBPJL	9606.ENSP00000316032	9606.ENSP00000341243	0	0	0	0	0	0.157	0	0	0.156
NUP98	RBBP8	9606.ENSP00000316032	9606.ENSP00000382628	0	0	0	0	0.061	0	0	0.171	0.188
NUP98	RANBP17	9606.ENSP00000316032	9606.ENSP00000427975	0	0	0	0	0.063	0.244	0	0.087	0.297
NUP98	RUNX1T1	9606.ENSP00000316032	9606.ENSP00000402257	0	0	0	0	0	0	0	0.454	0.454
NUP98	PHF20	9606.ENSP00000316032	9606.ENSP00000363124	0	0	0	0	0.063	0.187	0	0.662	0.721
NUP98	NUPL1	9606.ENSP00000316032	9606.ENSP00000371155	0	0	0	0	0.082	0.128	0.600	0.827	0.937
NUPL1	TNRC6C	9606.ENSP00000371155	9606.ENSP00000336783	0	0	0	0	0	0.173	0	0	0.173
ODF3B	SH3D21	9606.ENSP00000382804	9606.ENSP00000421294	0	0	0	0	0.069	0	0	0.177	0.201
OR4N2	POU3F1	9606.ENSP00000319601	9606.ENSP00000362103	0	0	0	0	0	0	0	0.174	0.173
OR4N2	TAS2R19	9606.ENSP00000319601	9606.ENSP00000375091	0	0	0	0	0	0	0	0.188	0.188
OSBPL7	SMARCAD1	9606.ENSP00000007414	9606.ENSP00000351947	0	0	0	0	0	0.154	0	0	0.153
OSBPL7	RANBP17	9606.ENSP00000007414	9606.ENSP00000427975	0	0	0	0	0	0.171	0	0	0.171
OXER1	TNRC6C	9606.ENSP00000367930	9606.ENSP00000336783	0	0	0	0	0	0	0	0.183	0.183
PAK3	SOS2	9606.ENSP00000353864	9606.ENSP00000216373	0	0	0	0	0.079	0.154	0.650	0.138	0.733
PAK3	ZYX	9606.ENSP00000353864	9606.ENSP00000324422	0	0	0	0	0.062	0.145	0	0.109	0.223
PAK3	TNRC6C	9606.ENSP00000353864	9606.ENSP00000336783	0	0	0	0	0.062	0	0	0.148	0.166
PAK3	SMARCAD1	9606.ENSP00000353864	9606.ENSP00000351947	0	0	0	0	0.066	0.156	0	0	0.178
PAK3	RNF6	9606.ENSP00000353864	9606.ENSP00000371000	0	0	0	0	0.062	0	0	0.134	0.152
PAK3	SYN2	9606.ENSP00000353864	9606.ENSP00000480050	0	0	0	0	0.114	0.065	0	0.061	0.154
PALB2	SMARCAD1	9606.ENSP00000261584	9606.ENSP00000351947	0	0	0	0	0	0	0	0.165	0.165
PALB2	ZRANB3	9606.ENSP00000261584	9606.ENSP00000264159	0	0	0	0	0.062	0	0	0.192	0.210
PALB2	REV3L	9606.ENSP00000261584	9606.ENSP00000351697	0	0	0	0	0.054	0	0	0.355	0.364
PALB2	RBBP8	9606.ENSP00000261584	9606.ENSP00000382628	0	0	0	0	0.072	0.270	0.600	0.751	0.923
PEX3	RB1	9606.ENSP00000356563	9606.ENSP00000267163	0	0	0	0	0	0	0	0.373	0.373
PGPEP1	QPCTL	9606.ENSP00000269919	9606.ENSP00000012049	0	0	0	0	0	0	0	0.386	0.386
PHF20	SIRT1	9606.ENSP00000363124	9606.ENSP00000212015	0	0	0	0	0.062	0.183	0	0.042	0.201
PHF20	ZRANB3	9606.ENSP00000363124	9606.ENSP00000264159	0	0	0	0	0.084	0.150	0	0.524	0.597
PHF20	PTP4A3	9606.ENSP00000363124	9606.ENSP00000332274	0	0	0	0	0	0	0	0.261	0.261
PHF20	REV3L	9606.ENSP00000363124	9606.ENSP00000351697	0	0	0	0	0.109	0	0	0.090	0.154
PHF20	SMARCAD1	9606.ENSP00000363124	9606.ENSP00000351947	0	0	0	0	0.073	0.149	0	0	0.177
PHF20	WDR20	9606.ENSP00000363124	9606.ENSP00000406084	0	0	0	0	0.062	0.168	0	0.062	0.204
PHF20	TAF1L	9606.ENSP00000363124	9606.ENSP00000418379	0	0	0	0	0.110	0.368	0	0.069	0.430
PHF20	TAF1	9606.ENSP00000363124	9606.ENSP00000406549	0	0	0	0	0.110	0.368	0.900	0.082	0.941
PIM1	SOS2	9606.ENSP00000362608	9606.ENSP00000216373	0	0	0	0	0.049	0.132	0	0.060	0.156
PIM1	ZNF296	9606.ENSP00000362608	9606.ENSP00000302770	0	0	0	0	0.080	0.117	0	0	0.153
PIM1	SOCS1	9606.ENSP00000362608	9606.ENSP00000329418	0	0	0	0	0.077	0.182	0	0.260	0.392
PIM1	ZFP36	9606.ENSP00000362608	9606.ENSP00000469647	0	0	0	0	0.086	0.103	0	0.053	0.156
PIM1	ZBED9	9606.ENSP00000362608	9606.ENSP00000395259	0	0	0	0	0.062	0.152	0	0.062	0.188
PIM1	SMG1	9606.ENSP00000362608	9606.ENSP00000402515	0	0	0	0	0.052	0.175	0	0.090	0.226
PIM1	RNF6	9606.ENSP00000362608	9606.ENSP00000371000	0	0	0	0	0.063	0	0	0.275	0.291
PLCXD2	UTS2	9606.ENSP00000420686	9606.ENSP00000054668	0	0	0	0	0	0	0	0.253	0.252
PNMAL2	SIRT1	9606.ENSP00000473036	9606.ENSP00000212015	0	0	0	0	0	0.207	0	0.101	0.256
PNMAL2	XRN1	9606.ENSP00000473036	9606.ENSP00000264951	0	0	0	0	0.062	0.056	0	0.188	0.218
PNMAL2	RESP18	9606.ENSP00000473036	9606.ENSP00000330269	0	0	0	0	0.194	0	0	0	0.194
PNMAL2	RBPJL	9606.ENSP00000473036	9606.ENSP00000341243	0	0	0	0	0	0.157	0	0	0.156
PNMAL2	SMARCAD1	9606.ENSP00000473036	9606.ENSP00000351947	0	0	0	0	0	0.162	0	0	0.161
PNMAL2	SENP7	9606.ENSP00000473036	9606.ENSP00000377655	0	0	0	0	0.065	0.223	0	0.042	0.243
PNMAL2	RPL23	9606.ENSP00000473036	9606.ENSP00000420311	0.128	0	0	0	0.063	0	0	0.084	0.186
PNMAL2	SYN2	9606.ENSP00000473036	9606.ENSP00000480050	0	0	0	0	0.351	0	0	0	0.351
POU3F1	RB1	9606.ENSP00000362103	9606.ENSP00000267163	0	0	0	0	0	0.144	0	0.072	0.172
POU3F1	TBX5	9606.ENSP00000362103	9606.ENSP00000309913	0	0	0	0	0.062	0.135	0	0	0.153
POU3F1	SOX11	9606.ENSP00000362103	9606.ENSP00000322568	0	0	0	0	0.063	0.150	0	0.298	0.392
PREPL	QPCTL	9606.ENSP00000386543	9606.ENSP00000012049	0	0	0	0	0	0	0	0.237	0.237
PREPL	TMPRSS11D	9606.ENSP00000386543	9606.ENSP00000283916	0	0	0	0	0	0	0	0.280	0.280
PROSER3	SPICE1	9606.ENSP00000380116	9606.ENSP00000295872	0	0	0	0	0	0	0	0.208	0.208
PRSS48	SPICE1	9606.ENSP00000401328	9606.ENSP00000295872	0	0	0	0	0	0	0	0.485	0.485
PSPN	TRPA1	9606.ENSP00000245810	9606.ENSP00000262209	0	0	0	0	0	0	0	0.170	0.170
PSPN	SEMA3C	9606.ENSP00000245810	9606.ENSP00000265361	0	0	0	0	0	0	0	0.171	0.171
QPCTL	WDR7	9606.ENSP00000012049	9606.ENSP00000254442	0	0	0	0	0.180	0	0	0	0.179
QPCTL	SYTL3	9606.ENSP00000012049	9606.ENSP00000483936	0	0	0	0	0	0	0	0.637	0.637
RANBP17	SIRT1	9606.ENSP00000427975	9606.ENSP00000212015	0	0	0	0	0.064	0	0	0.145	0.165
RB1	SIRT1	9606.ENSP00000267163	9606.ENSP00000212015	0	0	0	0	0.063	0.487	0.900	0.276	0.960
RB1	SMARCAD1	9606.ENSP00000267163	9606.ENSP00000351947	0	0	0	0	0.154	0	0	0	0.153
RB1	REV3L	9606.ENSP00000267163	9606.ENSP00000351697	0	0	0	0	0.126	0	0	0.073	0.156
RB1	TBX5	9606.ENSP00000267163	9606.ENSP00000309913	0	0	0	0	0	0.144	0	0.078	0.177
RB1	ZYX	9606.ENSP00000267163	9606.ENSP00000324422	0	0	0	0	0	0.151	0	0.083	0.188
RB1	RBPJL	9606.ENSP00000267163	9606.ENSP00000341243	0	0	0	0	0.062	0.386	0	0.073	0.419
RB1	RBBP8	9606.ENSP00000267163	9606.ENSP00000382628	0	0	0	0	0	0.874	0	0.096	0.881
RB1	TAF1	9606.ENSP00000267163	9606.ENSP00000406549	0	0	0	0	0	0.835	0.900	0.112	0.984
RBBP8	SIRT1	9606.ENSP00000382628	9606.ENSP00000212015	0	0	0	0	0	0	0	0.321	0.321
RBBP8	ZRANB3	9606.ENSP00000382628	9606.ENSP00000264159	0	0	0	0	0	0	0	0.374	0.374
RBBP8	ZNF121	9606.ENSP00000382628	9606.ENSP00000326967	0	0	0	0	0	0.056	0	0.444	0.453
RBBP8	REV3L	9606.ENSP00000382628	9606.ENSP00000351697	0	0	0	0	0	0	0	0.429	0.429
RBBP8	SMARCAD1	9606.ENSP00000382628	9606.ENSP00000351947	0	0	0	0	0.081	0	0	0.395	0.420
RBBP8	SMG1	9606.ENSP00000382628	9606.ENSP00000402515	0	0	0	0	0	0	0	0.188	0.188
RBPJL	SIRT1	9606.ENSP00000341243	9606.ENSP00000212015	0	0	0	0	0	0.162	0	0	0.161
RBPJL	RGS9	9606.ENSP00000341243	9606.ENSP00000262406	0	0	0	0	0	0	0	0.358	0.358
RBPJL	ZRANB3	9606.ENSP00000341243	9606.ENSP00000264159	0	0	0	0	0	0.154	0	0	0.153
RBPJL	XRN1	9606.ENSP00000341243	9606.ENSP00000264951	0	0	0	0	0.368	0	0	0	0.368
RBPJL	ZYX	9606.ENSP00000341243	9606.ENSP00000324422	0	0	0	0	0	0.163	0	0.064	0.183
RBPJL	SERINC2	9606.ENSP00000341243	9606.ENSP00000362814	0	0	0	0	0.064	0	0	0.155	0.176
RBPJL	SMARCAD1	9606.ENSP00000341243	9606.ENSP00000351947	0	0	0	0	0	0.168	0	0.056	0.181
RBPJL	ZGLP1	9606.ENSP00000341243	9606.ENSP00000384434	0	0	0	0	0.066	0.171	0	0.091	0.234
RBPJL	ZFP36	9606.ENSP00000341243	9606.ENSP00000469647	0	0	0	0	0	0.275	0	0.207	0.400
RD3	SYN2	9606.ENSP00000355969	9606.ENSP00000480050	0	0	0	0	0.062	0	0	0.159	0.178
RESP18	SELP	9606.ENSP00000330269	9606.ENSP00000263686	0	0	0	0	0.062	0.133	0	0	0.151
RESP18	SLC8A1	9606.ENSP00000330269	9606.ENSP00000384763	0	0	0	0	0.060	0.161	0	0	0.177
RESP18	SYN2	9606.ENSP00000330269	9606.ENSP00000480050	0	0	0	0	0.181	0	0	0	0.181
REV3L	SIRT1	9606.ENSP00000351697	9606.ENSP00000212015	0	0	0	0	0.123	0.070	0	0.135	0.233
REV3L	ZRANB3	9606.ENSP00000351697	9606.ENSP00000264159	0.048	0	0	0	0.184	0.111	0	0.380	0.514
REV3L	ZYX	9606.ENSP00000351697	9606.ENSP00000324422	0	0	0	0	0	0	0	0.161	0.161
REV3L	SH3D21	9606.ENSP00000351697	9606.ENSP00000421294	0	0	0	0	0.065	0.147	0	0	0.168
REV3L	SENP7	9606.ENSP00000351697	9606.ENSP00000377655	0	0	0	0	0.177	0.062	0	0.057	0.208
REV3L	ZBED9	9606.ENSP00000351697	9606.ENSP00000395259	0	0	0	0	0.054	0.058	0	0.186	0.212
REV3L	ZFP36	9606.ENSP00000351697	9606.ENSP00000469647	0	0	0	0	0.063	0.202	0	0	0.220
REV3L	SMG1	9606.ENSP00000351697	9606.ENSP00000402515	0	0	0	0	0.103	0.148	0	0.086	0.241
REV3L	SMARCAD1	9606.ENSP00000351697	9606.ENSP00000351947	0	0	0	0	0.191	0.165	0	0.058	0.308
REV3L	TAF1L	9606.ENSP00000351697	9606.ENSP00000418379	0	0	0	0	0.233	0.171	0	0.066	0.354
REV3L	TAF1	9606.ENSP00000351697	9606.ENSP00000406549	0	0	0	0	0.233	0.171	0	0.066	0.354
RNF6	ZFP36	9606.ENSP00000371000	9606.ENSP00000469647	0	0	0	0	0.049	0.147	0	0	0.154
RNF6	WDR20	9606.ENSP00000371000	9606.ENSP00000406084	0	0	0	0	0.065	0.061	0	0.337	0.367
RPL23	SIRT1	9606.ENSP00000420311	9606.ENSP00000212015	0	0	0	0	0.076	0.102	0	0.067	0.158
RPL23	WDR7	9606.ENSP00000420311	9606.ENSP00000254442	0	0	0	0	0.042	0.213	0	0	0.213
RPL23	XRN1	9606.ENSP00000420311	9606.ENSP00000264951	0	0	0	0	0.079	0.389	0	0	0.413
RPL23	TRUB1	9606.ENSP00000420311	9606.ENSP00000298746	0.185	0	0	0	0.109	0	0	0.079	0.272
RPL23	RTN4RL2	9606.ENSP00000420311	9606.ENSP00000335397	0	0	0	0	0	0.138	0	0.064	0.158
RPL23	SENP7	9606.ENSP00000420311	9606.ENSP00000377655	0	0	0	0	0.059	0	0	0.141	0.157
RSAD2	SOCS1	9606.ENSP00000371471	9606.ENSP00000329418	0	0	0	0	0.063	0	0	0.380	0.395
RSAD2	SACS	9606.ENSP00000371471	9606.ENSP00000371735	0	0	0	0	0	0	0	0.274	0.274
RTDR1	TAF1	9606.ENSP00000216036	9606.ENSP00000406549	0	0	0	0	0	0	0	0.297	0.297
RTDR1	TAF1L	9606.ENSP00000216036	9606.ENSP00000418379	0	0	0	0	0	0	0	0.370	0.370
RUNX1T1	SOX11	9606.ENSP00000402257	9606.ENSP00000322568	0	0	0	0	0.069	0	0	0.151	0.175
RUNX1T1	ZFP36	9606.ENSP00000402257	9606.ENSP00000469647	0	0	0	0	0	0.248	0	0	0.248
SACS	USP35	9606.ENSP00000371735	9606.ENSP00000431876	0	0	0	0	0.049	0	0	0.292	0.297
SELP	SIRT1	9606.ENSP00000263686	9606.ENSP00000212015	0	0	0	0	0	0	0	0.193	0.193
SEMA3C	ZYX	9606.ENSP00000265361	9606.ENSP00000324422	0	0	0	0	0.062	0	0	0.138	0.157
SEMA3C	TBX5	9606.ENSP00000265361	9606.ENSP00000309913	0	0	0	0	0	0	0	0.184	0.184
SEMA3C	SOX11	9606.ENSP00000265361	9606.ENSP00000322568	0	0	0	0	0	0	0	0.193	0.193
SEMA3C	VEGFB	9606.ENSP00000265361	9606.ENSP00000311127	0	0	0	0	0.062	0	0	0.380	0.393
SENP7	SIRT1	9606.ENSP00000377655	9606.ENSP00000212015	0	0	0	0	0.067	0.138	0	0.089	0.203
SENP7	XRN1	9606.ENSP00000377655	9606.ENSP00000264951	0	0	0	0	0.150	0.263	0	0	0.347
SENP7	SMARCAD1	9606.ENSP00000377655	9606.ENSP00000351947	0	0	0	0	0.183	0	0	0.227	0.341
SENP7	SERINC2	9606.ENSP00000377655	9606.ENSP00000362814	0	0	0	0	0	0	0	0.314	0.314
SERINC2	SMARCAD1	9606.ENSP00000362814	9606.ENSP00000351947	0	0	0	0	0	0	0	0.256	0.256
SH3D21	SYN2	9606.ENSP00000421294	9606.ENSP00000480050	0	0	0	0	0	0.152	0	0.053	0.162
SIRT1	SMG1	9606.ENSP00000212015	9606.ENSP00000402515	0	0	0	0	0.062	0.076	0	0.113	0.164
SIRT1	TRPA1	9606.ENSP00000212015	9606.ENSP00000262209	0	0	0	0	0	0.099	0	0.124	0.177
SIRT1	XRN1	9606.ENSP00000212015	9606.ENSP00000264951	0	0	0	0	0.059	0.115	0	0.102	0.187
SIRT1	ZFP36	9606.ENSP00000212015	9606.ENSP00000469647	0	0	0	0	0	0.101	0	0.148	0.201
SIRT1	SOCS1	9606.ENSP00000212015	9606.ENSP00000329418	0	0	0	0	0	0	0	0.282	0.282
SIRT1	SMARCAD1	9606.ENSP00000212015	9606.ENSP00000351947	0	0	0	0	0.094	0.206	0	0.108	0.302
SIRT1	ZYX	9606.ENSP00000212015	9606.ENSP00000324422	0	0	0	0	0	0.270	0	0.130	0.337
SIRT1	TAF1L	9606.ENSP00000212015	9606.ENSP00000418379	0	0	0	0	0	0.058	0	0.345	0.357
SIRT1	TAF1	9606.ENSP00000212015	9606.ENSP00000406549	0	0	0	0	0	0.058	0	0.357	0.369
SLC26A11	SMARCAD1	9606.ENSP00000355384	9606.ENSP00000351947	0	0	0	0	0.063	0.246	0	0	0.263
SLC8A1	TRPA1	9606.ENSP00000384763	9606.ENSP00000262209	0	0	0	0	0.062	0.056	0	0.150	0.182
SLC8A1	TBX5	9606.ENSP00000384763	9606.ENSP00000309913	0	0	0	0	0	0.062	0	0.328	0.342
SLC8A1	TRPC3	9606.ENSP00000384763	9606.ENSP00000368966	0	0	0	0	0.085	0.354	0	0.743	0.835
SLC8A1	SYN2	9606.ENSP00000384763	9606.ENSP00000480050	0	0	0	0	0.066	0.176	0	0.110	0.255
SMARCAD1	ZRANB3	9606.ENSP00000351947	9606.ENSP00000264159	0	0	0	0.574	0.110	0.212	0	0.469	0.407
SMARCAD1	XRN1	9606.ENSP00000351947	9606.ENSP00000264951	0	0	0	0	0.062	0.206	0	0.086	0.260
SMARCAD1	TRUB1	9606.ENSP00000351947	9606.ENSP00000298746	0	0	0	0	0.060	0.168	0	0	0.184
SMARCAD1	SMG1	9606.ENSP00000351947	9606.ENSP00000402515	0	0	0	0	0.065	0.143	0	0.059	0.180
SMARCAD1	USP35	9606.ENSP00000351947	9606.ENSP00000431876	0	0	0	0	0.064	0.165	0	0	0.185
SMARCAD1	WDR20	9606.ENSP00000351947	9606.ENSP00000406084	0	0	0	0	0.062	0.173	0	0.043	0.192
SMARCAD1	ZGLP1	9606.ENSP00000351947	9606.ENSP00000384434	0	0	0	0	0	0.144	0	0.101	0.197
SMARCAD1	TAF1L	9606.ENSP00000351947	9606.ENSP00000418379	0	0	0	0	0.144	0.179	0	0.060	0.282
SMARCAD1	TAF1	9606.ENSP00000351947	9606.ENSP00000406549	0	0	0	0	0.144	0.179	0	0.061	0.283
SMG1	TRPA1	9606.ENSP00000402515	9606.ENSP00000262209	0	0	0	0	0.062	0.133	0	0.049	0.159
SMG1	ZRANB3	9606.ENSP00000402515	9606.ENSP00000264159	0	0	0	0	0.064	0.152	0	0.056	0.185
SMG1	XRN1	9606.ENSP00000402515	9606.ENSP00000264951	0	0	0	0	0.210	0	0	0.681	0.737
SMG1	ZGLP1	9606.ENSP00000402515	9606.ENSP00000384434	0	0	0	0	0	0.137	0	0.107	0.196
SMG1	ZBED9	9606.ENSP00000402515	9606.ENSP00000395259	0	0	0	0	0.054	0.067	0	0.183	0.216
SMG1	WDR20	9606.ENSP00000402515	9606.ENSP00000406084	0	0	0	0	0.065	0.176	0	0.048	0.202
SMG1	TAF1L	9606.ENSP00000402515	9606.ENSP00000418379	0	0	0	0	0.245	0	0	0.170	0.346
SMG1	TAF1	9606.ENSP00000402515	9606.ENSP00000406549	0	0	0	0	0.263	0	0	0.155	0.351
SNTG1	SYN2	9606.ENSP00000429842	9606.ENSP00000480050	0	0	0	0	0.088	0	0	0.705	0.719
SOCS1	SOS2	9606.ENSP00000329418	9606.ENSP00000216373	0	0	0	0	0	0.069	0	0.181	0.205
SOCS1	SSC5D	9606.ENSP00000329418	9606.ENSP00000374274	0	0	0	0	0	0	0	0.158	0.158
SOCS1	TNIP3	9606.ENSP00000329418	9606.ENSP00000426613	0	0	0	0	0.051	0	0	0.166	0.174
SOCS1	ZFP36	9606.ENSP00000329418	9606.ENSP00000469647	0	0	0	0	0.085	0	0	0.217	0.253
SOS2	ZFP36	9606.ENSP00000216373	9606.ENSP00000469647	0	0	0	0	0.048	0.147	0	0	0.153
SOS2	XRN1	9606.ENSP00000216373	9606.ENSP00000264951	0	0	0	0	0.152	0	0	0.048	0.158
SOX11	TBX5	9606.ENSP00000322568	9606.ENSP00000309913	0	0	0	0	0	0.062	0	0.162	0.180
SOX11	ZNF121	9606.ENSP00000322568	9606.ENSP00000326967	0	0	0	0	0.098	0.101	0	0	0.154
SOX11	ZFP36	9606.ENSP00000322568	9606.ENSP00000469647	0	0	0	0	0	0.151	0	0.048	0.157
SOX11	ZGLP1	9606.ENSP00000322568	9606.ENSP00000384434	0	0	0	0	0	0.143	0	0.058	0.158
SYN2	SYTL3	9606.ENSP00000480050	9606.ENSP00000483936	0	0	0	0	0.063	0.101	0	0.076	0.153
TAF1	ZRANB3	9606.ENSP00000406549	9606.ENSP00000264159	0	0	0	0	0.123	0.212	0	0.066	0.298
TAF1	WDR20	9606.ENSP00000406549	9606.ENSP00000406084	0	0	0	0	0.145	0.247	0	0.151	0.406
TAF1	TAF1L	9606.ENSP00000406549	9606.ENSP00000418379	0	0	0	0.986	0	0	0.900	0.592	0.900
TAF1L	ZRANB3	9606.ENSP00000418379	9606.ENSP00000264159	0	0	0	0	0.123	0.212	0	0.066	0.298
TAF1L	WDR20	9606.ENSP00000418379	9606.ENSP00000406084	0	0	0	0	0.145	0.247	0	0.150	0.405
TBX5	ZYX	9606.ENSP00000309913	9606.ENSP00000324422	0	0	0	0	0	0.118	0	0.096	0.168
TMPRSS11D	ZBED9	9606.ENSP00000283916	9606.ENSP00000395259	0	0	0	0	0	0	0	0.468	0.468
TNRC6C	XRN1	9606.ENSP00000336783	9606.ENSP00000264951	0	0	0	0	0.062	0	0	0.663	0.671
TNRC6C	ZFP36	9606.ENSP00000336783	9606.ENSP00000469647	0	0	0	0	0.062	0.181	0	0.062	0.216
TRPA1	TRPC3	9606.ENSP00000262209	9606.ENSP00000368966	0	0	0	0	0	0.057	0	0.798	0.802
TRPT1	VEGFB	9606.ENSP00000378050	9606.ENSP00000311127	0	0	0	0	0	0	0	0.151	0.150
TRUB1	XRN1	9606.ENSP00000298746	9606.ENSP00000264951	0	0	0	0	0.066	0.247	0	0.058	0.280
USP35	WDR20	9606.ENSP00000431876	9606.ENSP00000406084	0	0	0	0	0.123	0.213	0	0.250	0.437
WDR7	XRN1	9606.ENSP00000254442	9606.ENSP00000264951	0	0	0	0	0.106	0.171	0	0.143	0.310
XRN1	ZFP36	9606.ENSP00000264951	9606.ENSP00000469647	0	0	0	0	0.049	0.612	0.600	0.570	0.928
ZBED9	ZFP36	9606.ENSP00000395259	9606.ENSP00000469647	0	0	0	0	0	0.171	0	0.054	0.182
ZGLP1	ZRANB3	9606.ENSP00000384434	9606.ENSP00000264159	0	0	0	0	0	0.154	0	0	0.153
